ip,ok,models,latency_ms,error,checked_at
35.180.247.255,False,"llama3:latest,qwen2.5:1.5b",33,inference_gibberish,2026-02-01 11:14:20
52.47.155.188,False,openchat:7b,55,inference_gibberish,2026-02-01 11:14:20
16.62.198.217,False,"codellama:13b,llama2:latest,deepseek-r1:latest,openchat:7b,qwen2.5:1.5b",65,inference_gibberish,2026-02-01 11:14:20
3.252.154.179,False,"llama3:latest,llama2:latest",71,inference_gibberish,2026-02-01 11:14:20
3.70.241.95,False,"deepseek-r1:latest,llama3:latest,qwen2.5:1.5b",88,inference_gibberish,2026-02-01 11:14:20
51.48.95.163,False,codellama:13b,65,inference_gibberish,2026-02-01 11:14:20
13.61.148.73,False,llama2:latest,117,inference_gibberish,2026-02-01 11:14:20
56.228.5.197,False,"llama3:latest,deepseek-r1:latest,qwen2.5:1.5b,llama2:latest",127,inference_gibberish,2026-02-01 11:14:20
157.175.170.170,False,"qwen2.5:1.5b,deepseek-r1:latest,codellama:13b,openchat:7b,llama3:latest",222,inference_gibberish,2026-02-01 11:14:20
45.95.18.151,False,gemma3:4b,138,inference_gibberish,2026-02-01 11:14:20
185.93.221.227,False,gemma3:4b,135,inference_gibberish,2026-02-01 11:14:20
3.95.174.97,False,"llama3:latest,qwen2.5:1.5b,codellama:13b,deepseek-r1:latest,openchat:7b",211,inference_gibberish,2026-02-01 11:14:20
16.24.72.126,False,"openchat:7b,deepseek-r1:latest,llama2:latest,codellama:13b",245,inference_gibberish,2026-02-01 11:14:20
94.124.160.22,False,gemma3:4b,102,inference_gibberish,2026-02-01 11:14:20
95.40.125.115,False,"llama2:latest,openchat:7b,codellama:13b,qwen2.5:1.5b",465,inference_gibberish,2026-02-01 11:14:20
16.78.103.71,False,"llama3:latest,llama2:latest,qwen2.5:1.5b,codellama:13b,openchat:7b",396,inference_gibberish,2026-02-01 11:14:20
209.182.225.19,False,gemma3:4b,484,inference_gibberish,2026-02-01 11:14:20
209.182.225.190,False,gemma3:4b,488,inference_gibberish,2026-02-01 11:14:20
43.201.49.27,False,"llama2:latest,deepseek-r1:latest,qwen2.5:1.5b,llama3:latest",529,inference_gibberish,2026-02-01 11:14:20
13.239.252.243,False,"llama2:latest,qwen2.5:1.5b",588,inference_gibberish,2026-02-01 11:14:20
54.216.246.51,False,,,"HTTPConnectionPool(host='54.216.246.51', port=11434): Max retries exceeded with url: /api/tags (Caused by ConnectTimeoutError(<urllib3.connection.HTTPConnection object at 0x000002114DA3E9C0>, 'Connection to 54.216.246.51 timed out. (connect timeout=1.5)'))",2026-02-01 11:14:20
47.94.52.149,False,,,"HTTPConnectionPool(host='47.94.52.149', port=11434): Max retries exceeded with url: /api/tags (Caused by ConnectTimeoutError(<urllib3.connection.HTTPConnection object at 0x000002114DA47350>, 'Connection to 47.94.52.149 timed out. (connect timeout=1.5)'))",2026-02-01 11:14:20
160.250.71.84,False,,,"HTTPConnectionPool(host='160.250.71.84', port=11434): Max retries exceeded with url: /api/tags (Caused by ConnectTimeoutError(<urllib3.connection.HTTPConnection object at 0x000002114DA47C80>, 'Connection to 160.250.71.84 timed out. (connect timeout=1.5)'))",2026-02-01 11:14:20
123.56.97.89,False,,,"HTTPConnectionPool(host='123.56.97.89', port=11434): Max retries exceeded with url: /api/tags (Caused by ConnectTimeoutError(<urllib3.connection.HTTPConnection object at 0x000002114DA85010>, 'Connection to 123.56.97.89 timed out. (connect timeout=1.5)'))",2026-02-01 11:14:20
90.92.253.107,False,,,"HTTPConnectionPool(host='90.92.253.107', port=11434): Max retries exceeded with url: /api/tags (Caused by ConnectTimeoutError(<urllib3.connection.HTTPConnection object at 0x000002114DA86C90>, 'Connection to 90.92.253.107 timed out. (connect timeout=1.5)'))",2026-02-01 11:14:20
152.53.117.66,False,,,"HTTPConnectionPool(host='152.53.117.66', port=11434): Max retries exceeded with url: /api/tags (Caused by ConnectTimeoutError(<urllib3.connection.HTTPConnection object at 0x000002114DADD4F0>, 'Connection to 152.53.117.66 timed out. (connect timeout=1.5)'))",2026-02-01 11:14:20
193.146.75.198,False,,,"HTTPConnectionPool(host='193.146.75.198', port=11434): Max retries exceeded with url: /api/tags (Caused by ConnectTimeoutError(<urllib3.connection.HTTPConnection object at 0x000002114DACD5B0>, 'Connection to 193.146.75.198 timed out. (connect timeout=1.5)'))",2026-02-01 11:14:20
3.28.40.86,False,,,"HTTPConnectionPool(host='3.28.40.86', port=11434): Max retries exceeded with url: /api/tags (Caused by ConnectTimeoutError(<urllib3.connection.HTTPConnection object at 0x000002114DAB29F0>, 'Connection to 3.28.40.86 timed out. (connect timeout=1.5)'))",2026-02-01 11:14:20
51.17.225.9,False,"openchat:7b,llama3:latest,codellama:13b",197,inference_gibberish,2026-02-01 11:14:20
103.192.43.188,False,,,"HTTPConnectionPool(host='103.192.43.188', port=11434): Read timed out. (read timeout=1.5)",2026-02-01 11:14:20
18.143.178.255,False,,,"HTTPConnectionPool(host='18.143.178.255', port=11434): Max retries exceeded with url: /api/tags (Caused by ConnectTimeoutError(<urllib3.connection.HTTPConnection object at 0x000002114DA3D790>, 'Connection to 18.143.178.255 timed out. (connect timeout=1.5)'))",2026-02-01 11:14:20
103.192.42.89,False,,,"HTTPConnectionPool(host='103.192.42.89', port=11434): Read timed out. (read timeout=1.5)",2026-02-01 11:14:20
103.192.40.133,False,,,"HTTPConnectionPool(host='103.192.40.133', port=11434): Read timed out. (read timeout=1.5)",2026-02-01 11:14:20
103.192.43.140,False,,,"HTTPConnectionPool(host='103.192.43.140', port=11434): Read timed out. (read timeout=1.5)",2026-02-01 11:14:20
103.192.41.41,False,,,"HTTPConnectionPool(host='103.192.41.41', port=11434): Read timed out. (read timeout=1.5)",2026-02-01 11:14:20
103.192.43.175,False,,,"HTTPConnectionPool(host='103.192.43.175', port=11434): Read timed out. (read timeout=1.5)",2026-02-01 11:14:20
103.192.43.141,False,,,"HTTPConnectionPool(host='103.192.43.141', port=11434): Read timed out. (read timeout=1.5)",2026-02-01 11:14:20
103.192.42.96,False,,,"HTTPConnectionPool(host='103.192.42.96', port=11434): Read timed out. (read timeout=1.5)",2026-02-01 11:14:20
103.192.42.91,False,,,"HTTPConnectionPool(host='103.192.42.91', port=11434): Read timed out. (read timeout=1.5)",2026-02-01 11:14:20
103.192.42.75,True,"gpt-oss:latest,phi3:mini-128k",408,,2026-02-01 11:14:20
43.230.161.192,False,gemma3:4b,816,inference_gibberish,2026-02-01 11:14:20
193.17.57.143,False,gemma3:4b,332,inference_gibberish,2026-02-01 11:14:20
43.201.58.244,False,,,"HTTPConnectionPool(host='43.201.58.244', port=11434): Max retries exceeded with url: /api/tags (Caused by ConnectTimeoutError(<urllib3.connection.HTTPConnection object at 0x000002114DA3DDC0>, 'Connection to 43.201.58.244 timed out. (connect timeout=1.5)'))",2026-02-01 11:14:20
172.96.137.32,False,gemma3:4b,1230,inference_gibberish,2026-02-01 11:14:20
103.192.42.117,False,,,"HTTPConnectionPool(host='103.192.42.117', port=11434): Read timed out. (read timeout=1.5)",2026-02-01 11:14:20
103.192.41.16,False,,,"HTTPConnectionPool(host='103.192.41.16', port=11434): Read timed out. (read timeout=1.5)",2026-02-01 11:14:20
103.192.43.183,False,,,"HTTPConnectionPool(host='103.192.43.183', port=11434): Read timed out. (read timeout=1.5)",2026-02-01 11:14:20
103.192.42.86,False,,,"HTTPConnectionPool(host='103.192.42.86', port=11434): Read timed out. (read timeout=1.5)",2026-02-01 11:14:20
103.192.41.34,False,,,"HTTPConnectionPool(host='103.192.41.34', port=11434): Read timed out. (read timeout=1.5)",2026-02-01 11:14:20
13.245.143.171,False,,,"HTTPConnectionPool(host='13.245.143.171', port=11434): Max retries exceeded with url: /api/tags (Caused by ConnectTimeoutError(<urllib3.connection.HTTPConnection object at 0x000002114DB041A0>, 'Connection to 13.245.143.171 timed out. (connect timeout=1.5)'))",2026-02-01 11:14:20
103.192.43.172,True,"gpt-oss:latest,phi3:mini-128k",454,,2026-02-01 11:14:20
16.24.72.228,False,"qwen2.5:1.5b,codellama:13b",221,inference_gibberish,2026-02-01 11:14:20
13.38.109.71,False,"deepseek-r1:latest,llama3:latest,llama2:latest,openchat:7b",37,inference_gibberish,2026-02-01 11:14:20
51.85.32.240,False,"qwen2.5:1.5b,llama2:latest,deepseek-r1:latest,codellama:13b",152,inference_gibberish,2026-02-01 11:14:20
15.160.134.84,False,"qwen2.5:1.5b,codellama:13b",88,inference_gibberish,2026-02-01 11:14:20
188.245.187.245,False,,,"HTTPConnectionPool(host='188.245.187.245', port=11434): Max retries exceeded with url: /api/tags (Caused by ConnectTimeoutError(<urllib3.connection.HTTPConnection object at 0x000002114DB06CF0>, 'Connection to 188.245.187.245 timed out. (connect timeout=1.5)'))",2026-02-01 11:14:20
40.192.3.100,False,"llama3:latest,deepseek-r1:latest,llama2:latest",332,inference_gibberish,2026-02-01 11:14:20
103.192.43.161,False,,,"HTTPConnectionPool(host='103.192.43.161', port=11434): Read timed out. (read timeout=1.5)",2026-02-01 11:14:20
103.192.42.83,False,,,"HTTPConnectionPool(host='103.192.42.83', port=11434): Read timed out. (read timeout=1.5)",2026-02-01 11:14:20
3.81.172.151,False,"llama3:latest,qwen2.5:1.5b,codellama:13b",178,inference_gibberish,2026-02-01 11:14:20
35.152.37.231,False,"deepseek-r1:latest,llama3:latest,openchat:7b,codellama:13b,qwen2.5:1.5b",80,inference_gibberish,2026-02-01 11:14:20
16.24.72.110,False,llama3:latest,209,inference_gibberish,2026-02-01 11:14:20
51.112.53.114,False,"qwen2.5:1.5b,llama2:latest,codellama:13b",276,inference_gibberish,2026-02-01 11:14:20
103.192.43.190,True,"gpt-oss:latest,phi3:mini-128k",418,,2026-02-01 11:14:20
51.21.135.203,False,,,"HTTPConnectionPool(host='51.21.135.203', port=11434): Max retries exceeded with url: /api/tags (Caused by ConnectTimeoutError(<urllib3.connection.HTTPConnection object at 0x000002114DB7C6B0>, 'Connection to 51.21.135.203 timed out. (connect timeout=1.5)'))",2026-02-01 11:14:20
103.192.43.158,True,"gpt-oss:latest,phi3:mini-128k",486,,2026-02-01 11:14:20
103.192.43.135,False,,,"HTTPConnectionPool(host='103.192.43.135', port=11434): Read timed out. (read timeout=1.5)",2026-02-01 11:14:20
103.192.40.152,True,"gpt-oss:latest,phi3:mini-128k",466,,2026-02-01 11:14:20
103.192.42.120,True,"gpt-oss:latest,phi3:mini-128k",448,,2026-02-01 11:14:20
103.192.40.173,True,"gpt-oss:latest,phi3:mini-128k",470,,2026-02-01 11:14:20
103.192.42.107,False,,,"HTTPConnectionPool(host='103.192.42.107', port=11434): Read timed out. (read timeout=1.5)",2026-02-01 11:14:20
103.192.42.106,True,"gpt-oss:latest,phi3:mini-128k",434,,2026-02-01 11:14:20
183.162.245.47,False,,,"HTTPConnectionPool(host='183.162.245.47', port=11434): Max retries exceeded with url: /api/tags (Caused by ConnectTimeoutError(<urllib3.connection.HTTPConnection object at 0x000002114DCC8DA0>, 'Connection to 183.162.245.47 timed out. (connect timeout=1.5)'))",2026-02-01 11:14:20
103.192.43.185,True,"gpt-oss:latest,phi3:mini-128k",433,,2026-02-01 11:14:20
103.192.43.144,False,,,"HTTPConnectionPool(host='103.192.43.144', port=11434): Read timed out. (read timeout=1.5)",2026-02-01 11:14:20
103.192.41.58,True,"gpt-oss:latest,phi3:mini-128k",479,,2026-02-01 11:14:20
103.192.41.48,True,"gpt-oss:latest,phi3:mini-128k",430,,2026-02-01 11:14:20
103.192.43.170,True,"gpt-oss:latest,phi3:mini-128k",446,,2026-02-01 11:14:20
13.61.146.40,False,"llama3:latest,qwen2.5:1.5b,deepseek-r1:latest",92,inference_gibberish,2026-02-01 11:14:20
103.192.43.129,True,"gpt-oss:latest,phi3:mini-128k",444,,2026-02-01 11:14:20
103.192.41.46,True,"gpt-oss:latest,phi3:mini-128k",479,,2026-02-01 11:14:20
103.192.42.88,True,"gpt-oss:latest,phi3:mini-128k",416,,2026-02-01 11:14:20
3.29.126.89,False,,,"HTTPConnectionPool(host='3.29.126.89', port=11434): Max retries exceeded with url: /api/tags (Caused by ConnectTimeoutError(<urllib3.connection.HTTPConnection object at 0x000002114DADE360>, 'Connection to 3.29.126.89 timed out. (connect timeout=1.5)'))",2026-02-01 11:14:20
103.192.40.154,True,"gpt-oss:latest,phi3:mini-128k",493,,2026-02-01 11:14:20
103.192.41.38,False,,,"HTTPConnectionPool(host='103.192.41.38', port=11434): Read timed out. (read timeout=1.5)",2026-02-01 11:14:20
103.192.42.100,True,"gpt-oss:latest,phi3:mini-128k",439,,2026-02-01 11:14:20
103.192.42.125,False,,,"HTTPConnectionPool(host='103.192.42.125', port=11434): Read timed out. (read timeout=1.5)",2026-02-01 11:14:20
103.192.41.3,True,"gpt-oss:latest,phi3:mini-128k",449,,2026-02-01 11:14:20
103.192.41.56,True,"gpt-oss:latest,phi3:mini-128k",417,,2026-02-01 11:14:20
13.38.44.73,False,"codellama:13b,deepseek-r1:latest,llama3:latest,qwen2.5:1.5b",84,inference_gibberish,2026-02-01 11:14:20
103.192.40.177,False,,,"HTTPConnectionPool(host='103.192.40.177', port=11434): Read timed out. (read timeout=1.5)",2026-02-01 11:14:20
103.192.43.187,True,"gpt-oss:latest,phi3:mini-128k",432,,2026-02-01 11:14:20
103.192.40.182,False,,,"HTTPConnectionPool(host='103.192.40.182', port=11434): Read timed out. (read timeout=1.5)",2026-02-01 11:14:20
103.192.43.133,True,"gpt-oss:latest,phi3:mini-128k",401,,2026-02-01 11:14:20
103.192.40.156,False,"gpt-oss:latest,phi3:mini-128k",454,inference_gibberish,2026-02-01 11:14:20
103.192.41.20,False,"gpt-oss:latest,phi3:mini-128k",447,inference_gibberish,2026-02-01 11:14:20
103.192.43.143,False,"gpt-oss:latest,phi3:mini-128k",433,inference_gibberish,2026-02-01 11:14:20
103.192.43.164,False,"gpt-oss:latest,phi3:mini-128k",477,inference_gibberish,2026-02-01 11:14:20
103.192.43.136,False,"gpt-oss:latest,phi3:mini-128k",462,inference_gibberish,2026-02-01 11:14:20
103.192.42.69,False,"gpt-oss:latest,phi3:mini-128k",439,inference_gibberish,2026-02-01 11:14:20
103.192.43.145,False,"gpt-oss:latest,phi3:mini-128k",463,inference_gibberish,2026-02-01 11:14:20
16.51.157.164,False,,,"HTTPConnectionPool(host='16.51.157.164', port=11434): Max retries exceeded with url: /api/tags (Caused by ConnectTimeoutError(<urllib3.connection.HTTPConnection object at 0x000002114DB53E00>, 'Connection to 16.51.157.164 timed out. (connect timeout=1.5)'))",2026-02-01 11:14:20
103.192.43.181,False,"gpt-oss:latest,phi3:mini-128k",448,inference_gibberish,2026-02-01 11:14:20
103.192.40.137,True,"gpt-oss:latest,phi3:mini-128k",418,,2026-02-01 11:14:20
103.192.42.123,False,"gpt-oss:latest,phi3:mini-128k",425,inference_gibberish,2026-02-01 11:14:20
103.192.40.149,False,"gpt-oss:latest,phi3:mini-128k",436,inference_gibberish,2026-02-01 11:14:20
171.103.243.221,True,"huihui_ai/deepseek-r1-abliterated:1.5b,huihui_ai/qwen3-abliterated:0.6b,huihui_ai/qwen2.5-censortune:1.5b,gemma3:1b,qwen2.5-coder:1.5b,scb10x/llama3.2-typhoon2-1b-instruct:latest,llama3.2:1b",622,,2026-02-01 11:14:20
103.192.40.155,False,,,"HTTPConnectionPool(host='103.192.40.155', port=11434): Read timed out. (read timeout=1.5)",2026-02-01 11:14:20
103.192.43.173,False,"gpt-oss:latest,phi3:mini-128k",1240,inference_gibberish,2026-02-01 11:14:20
103.192.40.145,False,"gpt-oss:latest,phi3:mini-128k",1212,inference_gibberish,2026-02-01 11:14:20
103.192.40.176,False,"gpt-oss:latest,phi3:mini-128k",1404,inference_gibberish,2026-02-01 11:14:20
103.192.41.11,False,"gpt-oss:latest,phi3:mini-128k",1112,inference_gibberish,2026-02-01 11:14:20
103.192.40.167,False,"gpt-oss:latest,phi3:mini-128k",1180,inference_gibberish,2026-02-01 11:14:20
103.192.41.50,False,"gpt-oss:latest,phi3:mini-128k",1399,inference_gibberish,2026-02-01 11:14:20
103.192.41.8,False,"gpt-oss:latest,phi3:mini-128k",794,inference_gibberish,2026-02-01 11:14:20
103.192.43.153,False,"gpt-oss:latest,phi3:mini-128k",1253,inference_gibberish,2026-02-01 11:14:20
103.192.41.2,False,"gpt-oss:latest,phi3:mini-128k",1232,inference_gibberish,2026-02-01 11:14:20
103.192.40.158,False,"gpt-oss:latest,phi3:mini-128k",700,inference_gibberish,2026-02-01 11:14:20
103.192.42.74,False,"gpt-oss:latest,phi3:mini-128k",796,inference_gibberish,2026-02-01 11:14:20
103.192.42.104,False,,,"HTTPConnectionPool(host='103.192.42.104', port=11434): Read timed out. (read timeout=1.5)",2026-02-01 11:14:20
103.192.43.154,False,"gpt-oss:latest,phi3:mini-128k",451,inference_gibberish,2026-02-01 11:14:20
103.192.41.40,False,"gpt-oss:latest,phi3:mini-128k",506,inference_gibberish,2026-02-01 11:14:20
103.192.43.160,False,,,"HTTPConnectionPool(host='103.192.43.160', port=11434): Read timed out. (read timeout=1.5)",2026-02-01 11:14:20
103.192.41.13,False,,,"HTTPConnectionPool(host='103.192.41.13', port=11434): Read timed out. (read timeout=1.5)",2026-02-01 11:14:20
103.192.42.93,False,,,"HTTPConnectionPool(host='103.192.42.93', port=11434): Read timed out. (read timeout=1.5)",2026-02-01 11:14:20
103.192.40.166,False,,,"HTTPConnectionPool(host='103.192.40.166', port=11434): Read timed out. (read timeout=1.5)",2026-02-01 11:14:20
103.192.42.124,False,,,"HTTPConnectionPool(host='103.192.42.124', port=11434): Read timed out. (read timeout=1.5)",2026-02-01 11:14:20
103.192.43.184,False,"gpt-oss:latest,phi3:mini-128k",403,inference_gibberish,2026-02-01 11:14:20
103.192.42.122,False,,,"HTTPConnectionPool(host='103.192.42.122', port=11434): Read timed out. (read timeout=1.5)",2026-02-01 11:14:20
103.192.40.161,False,"gpt-oss:latest,phi3:mini-128k",421,inference_gibberish,2026-02-01 11:14:20
103.192.41.10,False,"gpt-oss:latest,phi3:mini-128k",457,inference_gibberish,2026-02-01 11:14:20
54.250.253.126,False,openchat:7b,478,inference_gibberish,2026-02-01 11:14:20
13.124.159.97,False,,,"HTTPConnectionPool(host='13.124.159.97', port=11434): Max retries exceeded with url: /api/tags (Caused by ConnectTimeoutError(<urllib3.connection.HTTPConnection object at 0x000002114DB044D0>, 'Connection to 13.124.159.97 timed out. (connect timeout=1.5)'))",2026-02-01 11:14:20
103.192.41.15,False,,,"HTTPConnectionPool(host='103.192.41.15', port=11434): Read timed out. (read timeout=1.5)",2026-02-01 11:14:20
52.12.165.144,False,"openchat:7b,deepseek-r1:latest,qwen2.5:1.5b,llama2:latest",324,inference_gibberish,2026-02-01 11:14:20
103.192.40.134,False,"gpt-oss:latest,phi3:mini-128k",428,inference_gibberish,2026-02-01 11:14:20
51.92.46.133,False,,,"HTTPConnectionPool(host='51.92.46.133', port=11434): Max retries exceeded with url: /api/tags (Caused by ConnectTimeoutError(<urllib3.connection.HTTPConnection object at 0x000002114DA3D6D0>, 'Connection to 51.92.46.133 timed out. (connect timeout=1.5)'))",2026-02-01 11:14:20
103.192.41.18,False,,,"HTTPConnectionPool(host='103.192.41.18', port=11434): Read timed out. (read timeout=1.5)",2026-02-01 11:14:20
103.192.40.179,False,"gpt-oss:latest,phi3:mini-128k",445,inference_gibberish,2026-02-01 11:14:20
103.192.40.169,False,"gpt-oss:latest,phi3:mini-128k",435,inference_gibberish,2026-02-01 11:14:20
103.192.40.150,False,"gpt-oss:latest,phi3:mini-128k",414,inference_gibberish,2026-02-01 11:14:20
54.233.23.106,False,"codellama:13b,llama3:latest,llama2:latest,qwen2.5:1.5b,openchat:7b",417,inference_gibberish,2026-02-01 11:14:20
16.50.116.1,False,,,"HTTPConnectionPool(host='16.50.116.1', port=11434): Max retries exceeded with url: /api/tags (Caused by ConnectTimeoutError(<urllib3.connection.HTTPConnection object at 0x000002114DBB5D30>, 'Connection to 16.50.116.1 timed out. (connect timeout=1.5)'))",2026-02-01 11:14:20
15.168.11.162,False,llama2:latest,547,inference_gibberish,2026-02-01 11:14:20
103.192.42.72,False,"gpt-oss:latest,phi3:mini-128k",419,inference_gibberish,2026-02-01 11:14:20
103.192.40.144,False,,,"HTTPConnectionPool(host='103.192.40.144', port=11434): Read timed out. (read timeout=1.5)",2026-02-01 11:14:20
103.192.41.29,False,,,"HTTPConnectionPool(host='103.192.41.29', port=11434): Read timed out. (read timeout=1.5)",2026-02-01 11:14:20
103.192.42.92,True,"gpt-oss:latest,phi3:mini-128k",450,,2026-02-01 11:14:20
103.192.41.44,False,"gpt-oss:latest,phi3:mini-128k",406,inference_gibberish,2026-02-01 11:14:20
103.192.40.129,False,,,"HTTPConnectionPool(host='103.192.40.129', port=11434): Read timed out. (read timeout=1.5)",2026-02-01 11:14:20
40.172.191.16,False,,,"HTTPConnectionPool(host='40.172.191.16', port=11434): Max retries exceeded with url: /api/tags (Caused by ConnectTimeoutError(<urllib3.connection.HTTPConnection object at 0x000002114DB7E4E0>, 'Connection to 40.172.191.16 timed out. (connect timeout=1.5)'))",2026-02-01 11:14:20
103.192.41.23,False,"gpt-oss:latest,phi3:mini-128k",501,inference_gibberish,2026-02-01 11:14:20
51.112.42.200,False,llama2:latest,289,inference_gibberish,2026-02-01 11:14:20
18.171.137.50,False,,,"HTTPConnectionPool(host='18.171.137.50', port=11434): Max retries exceeded with url: /api/tags (Caused by ConnectTimeoutError(<urllib3.connection.HTTPConnection object at 0x000002114DB7EF30>, 'Connection to 18.171.137.50 timed out. (connect timeout=1.5)'))",2026-02-01 11:14:20
54.94.57.178,False,"openchat:7b,deepseek-r1:latest",380,inference_gibberish,2026-02-01 11:14:20
18.231.226.82,False,"qwen2.5:1.5b,llama3:latest",412,inference_gibberish,2026-02-01 11:14:20
54.176.139.45,False,"llama2:latest,openchat:7b,llama3:latest",322,inference_gibberish,2026-02-01 11:14:20
108.136.125.203,False,deepseek-r1:latest,396,inference_gibberish,2026-02-01 11:14:20
43.198.103.166,False,,,"HTTPConnectionPool(host='43.198.103.166', port=11434): Max retries exceeded with url: /api/tags (Caused by ConnectTimeoutError(<urllib3.connection.HTTPConnection object at 0x000002114DCBFB60>, 'Connection to 43.198.103.166 timed out. (connect timeout=1.5)'))",2026-02-01 11:14:20
103.192.40.138,True,"gpt-oss:latest,phi3:mini-128k",438,,2026-02-01 11:14:20
16.50.117.61,False,"codellama:13b,llama3:latest",794,inference_gibberish,2026-02-01 11:14:20
51.49.75.19,False,,,"HTTPConnectionPool(host='51.49.75.19', port=11434): Max retries exceeded with url: /api/tags (Caused by ConnectTimeoutError(<urllib3.connection.HTTPConnection object at 0x000002114DA87B00>, 'Connection to 51.49.75.19 timed out. (connect timeout=1.5)'))",2026-02-01 11:14:20
39.107.84.242,False,,,"HTTPConnectionPool(host='39.107.84.242', port=11434): Max retries exceeded with url: /api/tags (Caused by ConnectTimeoutError(<urllib3.connection.HTTPConnection object at 0x000002114DA87E90>, 'Connection to 39.107.84.242 timed out. (connect timeout=1.5)'))",2026-02-01 11:14:20
103.192.40.163,True,"gpt-oss:latest,phi3:mini-128k",409,,2026-02-01 11:14:20
132.195.160.173,False,,,"HTTPConnectionPool(host='132.195.160.173', port=11434): Max retries exceeded with url: /api/tags (Caused by ConnectTimeoutError(<urllib3.connection.HTTPConnection object at 0x000002114DCBF200>, 'Connection to 132.195.160.173 timed out. (connect timeout=1.5)'))",2026-02-01 11:14:20
185.93.221.223,False,gemma3:4b,156,inference_gibberish,2026-02-01 11:14:20
3.28.130.119,False,,,"HTTPConnectionPool(host='3.28.130.119', port=11434): Max retries exceeded with url: /api/tags (Caused by ConnectTimeoutError(<urllib3.connection.HTTPConnection object at 0x000002114DCC8770>, 'Connection to 3.28.130.119 timed out. (connect timeout=1.5)'))",2026-02-01 11:14:20
103.192.41.60,False,"gpt-oss:latest,phi3:mini-128k",447,inference_gibberish,2026-02-01 11:14:20
54.252.210.16,False,,,"HTTPConnectionPool(host='54.252.210.16', port=11434): Max retries exceeded with url: /api/tags (Caused by ConnectTimeoutError(<urllib3.connection.HTTPConnection object at 0x000002114DC0B830>, 'Connection to 54.252.210.16 timed out. (connect timeout=1.5)'))",2026-02-01 11:14:20
45.33.139.19,False,,,"HTTPConnectionPool(host='45.33.139.19', port=11434): Max retries exceeded with url: /api/tags (Caused by ConnectTimeoutError(<urllib3.connection.HTTPConnection object at 0x000002114DB7FB00>, 'Connection to 45.33.139.19 timed out. (connect timeout=1.5)'))",2026-02-01 11:14:20
13.36.243.194,False,openchat:7b,59,inference_gibberish,2026-02-01 11:14:20
103.192.41.5,True,"gpt-oss:latest,phi3:mini-128k",463,,2026-02-01 11:14:20
44.223.68.241,False,"llama2:latest,codellama:13b,llama3:latest",213,inference_gibberish,2026-02-01 11:14:20
54.78.96.121,False,,,"HTTPConnectionPool(host='54.78.96.121', port=11434): Max retries exceeded with url: /api/tags (Caused by ConnectTimeoutError(<urllib3.connection.HTTPConnection object at 0x000002114D7A38F0>, 'Connection to 54.78.96.121 timed out. (connect timeout=1.5)'))",2026-02-01 11:14:20
103.192.42.111,False,,,"HTTPConnectionPool(host='103.192.42.111', port=11434): Read timed out. (read timeout=1.5)",2026-02-01 11:14:20
18.163.122.133,False,llama3:latest,404,inference_gibberish,2026-02-01 11:14:20
15.161.42.206,False,,,"HTTPConnectionPool(host='15.161.42.206', port=11434): Max retries exceeded with url: /api/tags (Caused by ConnectTimeoutError(<urllib3.connection.HTTPConnection object at 0x000002114DCCA990>, 'Connection to 15.161.42.206 timed out. (connect timeout=1.5)'))",2026-02-01 11:14:20
15.160.223.97,False,,,"HTTPConnectionPool(host='15.160.223.97', port=11434): Max retries exceeded with url: /api/tags (Caused by ConnectTimeoutError(<urllib3.connection.HTTPConnection object at 0x000002114DC62C30>, 'Connection to 15.160.223.97 timed out. (connect timeout=1.5)'))",2026-02-01 11:14:20
51.48.140.63,False,,,"HTTPConnectionPool(host='51.48.140.63', port=11434): Max retries exceeded with url: /api/tags (Caused by ConnectTimeoutError(<urllib3.connection.HTTPConnection object at 0x000002114DA864E0>, 'Connection to 51.48.140.63 timed out. (connect timeout=1.5)'))",2026-02-01 11:14:20
103.192.40.142,True,"gpt-oss:latest,phi3:mini-128k",425,,2026-02-01 11:14:20
56.124.74.165,False,,,"HTTPConnectionPool(host='56.124.74.165', port=11434): Max retries exceeded with url: /api/tags (Caused by ConnectTimeoutError(<urllib3.connection.HTTPConnection object at 0x000002114DACCA70>, 'Connection to 56.124.74.165 timed out. (connect timeout=1.5)'))",2026-02-01 11:14:20
3.8.125.18,False,,,"HTTPConnectionPool(host='3.8.125.18', port=11434): Max retries exceeded with url: /api/tags (Caused by ConnectTimeoutError(<urllib3.connection.HTTPConnection object at 0x000002114DCBF470>, 'Connection to 3.8.125.18 timed out. (connect timeout=1.5)'))",2026-02-01 11:14:20
3.112.73.152,False,,,"HTTPConnectionPool(host='3.112.73.152', port=11434): Max retries exceeded with url: /api/tags (Caused by ConnectTimeoutError(<urllib3.connection.HTTPConnection object at 0x000002114DA3F8F0>, 'Connection to 3.112.73.152 timed out. (connect timeout=1.5)'))",2026-02-01 11:14:20
152.67.99.197,False,,,"HTTPConnectionPool(host='152.67.99.197', port=11434): Max retries exceeded with url: /api/tags (Caused by ConnectTimeoutError(<urllib3.connection.HTTPConnection object at 0x000002114DB51B20>, 'Connection to 152.67.99.197 timed out. (connect timeout=1.5)'))",2026-02-01 11:14:20
3.35.13.17,True,"llama2:latest,qwen2.5:1.5b,openchat:7b,llama3:latest",641,,2026-02-01 11:14:20
158.252.82.194,False,,,"HTTPConnectionPool(host='158.252.82.194', port=11434): Max retries exceeded with url: /api/tags (Caused by ConnectTimeoutError(<urllib3.connection.HTTPConnection object at 0x000002114DA45C40>, 'Connection to 158.252.82.194 timed out. (connect timeout=1.5)'))",2026-02-01 11:14:20
218.155.144.205,False,,,"HTTPConnectionPool(host='218.155.144.205', port=11434): Max retries exceeded with url: /api/tags (Caused by ConnectTimeoutError(<urllib3.connection.HTTPConnection object at 0x000002114DCCB1D0>, 'Connection to 218.155.144.205 timed out. (connect timeout=1.5)'))",2026-02-01 11:14:20
103.192.43.152,False,"gpt-oss:latest,phi3:mini-128k",413,inference_gibberish,2026-02-01 11:14:20
103.192.43.142,True,"gpt-oss:latest,phi3:mini-128k",410,,2026-02-01 11:14:20
51.95.73.113,False,,,"HTTPConnectionPool(host='51.95.73.113', port=11434): Max retries exceeded with url: /api/tags (Caused by ConnectTimeoutError(<urllib3.connection.HTTPConnection object at 0x000002114DB66300>, 'Connection to 51.95.73.113 timed out. (connect timeout=1.5)'))",2026-02-01 11:14:20
108.136.42.41,False,"llama2:latest,qwen2.5:1.5b,openchat:7b",363,inference_gibberish,2026-02-01 11:14:20
54.81.117.113,False,,,"HTTPConnectionPool(host='54.81.117.113', port=11434): Max retries exceeded with url: /api/tags (Caused by ConnectTimeoutError(<urllib3.connection.HTTPConnection object at 0x000002114DBE7B60>, 'Connection to 54.81.117.113 timed out. (connect timeout=1.5)'))",2026-02-01 11:14:20
3.26.176.187,False,"llama2:latest,llama3:latest,codellama:13b",1584,inference_gibberish,2026-02-01 11:14:20
56.125.231.192,False,,,"HTTPConnectionPool(host='56.125.231.192', port=11434): Max retries exceeded with url: /api/tags (Caused by ConnectTimeoutError(<urllib3.connection.HTTPConnection object at 0x000002114DCBF8C0>, 'Connection to 56.125.231.192 timed out. (connect timeout=1.5)'))",2026-02-01 11:14:20
43.218.138.172,False,,,"HTTPConnectionPool(host='43.218.138.172', port=11434): Max retries exceeded with url: /api/tags (Caused by ConnectTimeoutError(<urllib3.connection.HTTPConnection object at 0x000002114DACC830>, 'Connection to 43.218.138.172 timed out. (connect timeout=1.5)'))",2026-02-01 11:14:20
43.132.213.72,False,,,"HTTPConnectionPool(host='43.132.213.72', port=11434): Max retries exceeded with url: /api/tags (Caused by ConnectTimeoutError(<urllib3.connection.HTTPConnection object at 0x000002114DB06DB0>, 'Connection to 43.132.213.72 timed out. (connect timeout=1.5)'))",2026-02-01 11:14:20
56.155.141.156,False,,,"HTTPConnectionPool(host='56.155.141.156', port=11434): Max retries exceeded with url: /api/tags (Caused by ConnectTimeoutError(<urllib3.connection.HTTPConnection object at 0x000002114DBE4350>, 'Connection to 56.155.141.156 timed out. (connect timeout=1.5)'))",2026-02-01 11:14:20
103.192.40.143,True,"gpt-oss:latest,phi3:mini-128k",419,,2026-02-01 11:14:20
3.29.125.82,False,,,"HTTPConnectionPool(host='3.29.125.82', port=11434): Max retries exceeded with url: /api/tags (Caused by ConnectTimeoutError(<urllib3.connection.HTTPConnection object at 0x000002114DBE4650>, 'Connection to 3.29.125.82 timed out. (connect timeout=1.5)'))",2026-02-01 11:14:20
193.17.57.139,False,gemma3:4b,109,inference_gibberish,2026-02-01 11:14:20
54.254.155.167,False,"codellama:13b,openchat:7b,deepseek-r1:latest,qwen2.5:1.5b,llama2:latest",354,inference_gibberish,2026-02-01 11:14:20
35.183.128.165,False,,,"HTTPConnectionPool(host='35.183.128.165', port=11434): Max retries exceeded with url: /api/tags (Caused by ConnectTimeoutError(<urllib3.connection.HTTPConnection object at 0x000002114DACE540>, 'Connection to 35.183.128.165 timed out. (connect timeout=1.5)'))",2026-02-01 11:14:20
52.79.188.115,False,,,"HTTPConnectionPool(host='52.79.188.115', port=11434): Max retries exceeded with url: /api/tags (Caused by ConnectTimeoutError(<urllib3.connection.HTTPConnection object at 0x000002114DB67260>, 'Connection to 52.79.188.115 timed out. (connect timeout=1.5)'))",2026-02-01 11:14:20
98.130.124.119,False,"openchat:7b,codellama:13b,deepseek-r1:latest,llama2:latest,llama3:latest",357,inference_gibberish,2026-02-01 11:14:20
3.28.45.51,False,,,"HTTPConnectionPool(host='3.28.45.51', port=11434): Max retries exceeded with url: /api/tags (Caused by ConnectTimeoutError(<urllib3.connection.HTTPConnection object at 0x000002114DCBFCE0>, 'Connection to 3.28.45.51 timed out. (connect timeout=1.5)'))",2026-02-01 11:14:20
51.85.32.62,False,,,"HTTPConnectionPool(host='51.85.32.62', port=11434): Max retries exceeded with url: /api/tags (Caused by ConnectTimeoutError(<urllib3.connection.HTTPConnection object at 0x000002114DB51910>, 'Connection to 51.85.32.62 timed out. (connect timeout=1.5)'))",2026-02-01 11:14:20
75.111.26.51,False,,,"HTTPConnectionPool(host='75.111.26.51', port=11434): Max retries exceeded with url: /api/tags (Caused by ConnectTimeoutError(<urllib3.connection.HTTPConnection object at 0x000002114DB2C740>, 'Connection to 75.111.26.51 timed out. (connect timeout=1.5)'))",2026-02-01 11:14:20
13.57.218.106,False,,,"HTTPConnectionPool(host='13.57.218.106', port=11434): Max retries exceeded with url: /api/tags (Caused by ConnectTimeoutError(<urllib3.connection.HTTPConnection object at 0x000002114DA3F860>, 'Connection to 13.57.218.106 timed out. (connect timeout=1.5)'))",2026-02-01 11:14:20
103.192.43.130,False,"gpt-oss:latest,phi3:mini-128k",418,inference_gibberish,2026-02-01 11:14:20
94.124.160.20,False,gemma3:4b,61,inference_gibberish,2026-02-01 11:14:20
52.67.190.40,False,,,"HTTPConnectionPool(host='52.67.190.40', port=11434): Max retries exceeded with url: /api/tags (Caused by ConnectTimeoutError(<urllib3.connection.HTTPConnection object at 0x000002114DC63E60>, 'Connection to 52.67.190.40 timed out. (connect timeout=1.5)'))",2026-02-01 11:14:20
103.192.42.116,True,"gpt-oss:latest,phi3:mini-128k",419,,2026-02-01 11:14:20
45.95.18.152,False,gemma3:4b,76,inference_gibberish,2026-02-01 11:14:20
3.101.131.89,False,,,"HTTPConnectionPool(host='3.101.131.89', port=11434): Max retries exceeded with url: /api/tags (Caused by ConnectTimeoutError(<urllib3.connection.HTTPConnection object at 0x000002114DBE4FE0>, 'Connection to 3.101.131.89 timed out. (connect timeout=1.5)'))",2026-02-01 11:14:20
35.89.22.83,False,,,"HTTPConnectionPool(host='35.89.22.83', port=11434): Max retries exceeded with url: /api/tags (Caused by ConnectTimeoutError(<urllib3.connection.HTTPConnection object at 0x000002114DCCA750>, 'Connection to 35.89.22.83 timed out. (connect timeout=1.5)'))",2026-02-01 11:14:20
13.57.11.28,False,,,"HTTPConnectionPool(host='13.57.11.28', port=11434): Max retries exceeded with url: /api/tags (Caused by ConnectTimeoutError(<urllib3.connection.HTTPConnection object at 0x000002114DC08AA0>, 'Connection to 13.57.11.28 timed out. (connect timeout=1.5)'))",2026-02-01 11:14:20
40.172.187.46,False,,,"HTTPConnectionPool(host='40.172.187.46', port=11434): Max retries exceeded with url: /api/tags (Caused by ConnectTimeoutError(<urllib3.connection.HTTPConnection object at 0x000002114DB07530>, 'Connection to 40.172.187.46 timed out. (connect timeout=1.5)'))",2026-02-01 11:14:20
47.101.61.248,False,,,"HTTPConnectionPool(host='47.101.61.248', port=11434): Max retries exceeded with url: /api/tags (Caused by ConnectTimeoutError(<urllib3.connection.HTTPConnection object at 0x000002114DC21160>, 'Connection to 47.101.61.248 timed out. (connect timeout=1.5)'))",2026-02-01 11:14:20
159.195.52.218,False,,,"HTTPConnectionPool(host='159.195.52.218', port=11434): Max retries exceeded with url: /api/tags (Caused by ConnectTimeoutError(<urllib3.connection.HTTPConnection object at 0x000002114DBE4860>, 'Connection to 159.195.52.218 timed out. (connect timeout=1.5)'))",2026-02-01 11:14:20
175.24.186.219,False,,,"HTTPConnectionPool(host='175.24.186.219', port=11434): Max retries exceeded with url: /api/tags (Caused by ConnectTimeoutError(<urllib3.connection.HTTPConnection object at 0x000002114DBE46E0>, 'Connection to 175.24.186.219 timed out. (connect timeout=1.5)'))",2026-02-01 11:14:20
34.234.69.92,False,,,"HTTPConnectionPool(host='34.234.69.92', port=11434): Max retries exceeded with url: /api/tags (Caused by ConnectTimeoutError(<urllib3.connection.HTTPConnection object at 0x000002114DB51D00>, 'Connection to 34.234.69.92 timed out. (connect timeout=1.5)'))",2026-02-01 11:14:20
3.28.43.103,False,,,"HTTPConnectionPool(host='3.28.43.103', port=11434): Max retries exceeded with url: /api/tags (Caused by ConnectTimeoutError(<urllib3.connection.HTTPConnection object at 0x000002114DB52300>, 'Connection to 3.28.43.103 timed out. (connect timeout=1.5)'))",2026-02-01 11:14:20
108.136.220.204,False,,,"HTTPConnectionPool(host='108.136.220.204', port=11434): Max retries exceeded with url: /api/tags (Caused by ConnectTimeoutError(<urllib3.connection.HTTPConnection object at 0x000002114DACCA70>, 'Connection to 108.136.220.204 timed out. (connect timeout=1.5)'))",2026-02-01 11:14:20
103.192.41.62,True,"gpt-oss:latest,phi3:mini-128k",400,,2026-02-01 11:14:20
18.228.196.31,False,"qwen2.5:1.5b,llama2:latest,llama3:latest",389,inference_gibberish,2026-02-01 11:14:20
43.218.47.202,False,,,"HTTPConnectionPool(host='43.218.47.202', port=11434): Max retries exceeded with url: /api/tags (Caused by ConnectTimeoutError(<urllib3.connection.HTTPConnection object at 0x000002114DB674A0>, 'Connection to 43.218.47.202 timed out. (connect timeout=1.5)'))",2026-02-01 11:14:20
3.250.135.87,False,,,"HTTPConnectionPool(host='3.250.135.87', port=11434): Max retries exceeded with url: /api/tags (Caused by ConnectTimeoutError(<urllib3.connection.HTTPConnection object at 0x000002114DB52600>, 'Connection to 3.250.135.87 timed out. (connect timeout=1.5)'))",2026-02-01 11:14:20
43.230.161.251,False,gemma3:4b,766,inference_gibberish,2026-02-01 11:14:20
103.192.43.171,False,,,"HTTPConnectionPool(host='103.192.43.171', port=11434): Read timed out. (read timeout=1.5)",2026-02-01 11:14:20
103.192.40.184,False,,,"HTTPConnectionPool(host='103.192.40.184', port=11434): Read timed out. (read timeout=1.5)",2026-02-01 11:14:20
15.152.40.239,False,,,"HTTPConnectionPool(host='15.152.40.239', port=11434): Max retries exceeded with url: /api/tags (Caused by ConnectTimeoutError(<urllib3.connection.HTTPConnection object at 0x000002114DBE44A0>, 'Connection to 15.152.40.239 timed out. (connect timeout=1.5)'))",2026-02-01 11:14:20
81.101.181.14,False,,,"HTTPConnectionPool(host='81.101.181.14', port=11434): Max retries exceeded with url: /api/tags (Caused by ConnectTimeoutError(<urllib3.connection.HTTPConnection object at 0x000002114DC22660>, 'Connection to 81.101.181.14 timed out. (connect timeout=1.5)'))",2026-02-01 11:14:20
13.212.186.29,False,,,"HTTPConnectionPool(host='13.212.186.29', port=11434): Max retries exceeded with url: /api/tags (Caused by ConnectTimeoutError(<urllib3.connection.HTTPConnection object at 0x000002114DC201A0>, 'Connection to 13.212.186.29 timed out. (connect timeout=1.5)'))",2026-02-01 11:14:20
172.202.59.214,False,,,"HTTPConnectionPool(host='172.202.59.214', port=11434): Max retries exceeded with url: /api/tags (Caused by ConnectTimeoutError(<urllib3.connection.HTTPConnection object at 0x000002114DACD6D0>, 'Connection to 172.202.59.214 timed out. (connect timeout=1.5)'))",2026-02-01 11:14:20
129.153.168.156,False,,,"HTTPConnectionPool(host='129.153.168.156', port=11434): Max retries exceeded with url: /api/tags (Caused by ConnectTimeoutError(<urllib3.connection.HTTPConnection object at 0x000002114DB2F2C0>, 'Connection to 129.153.168.156 timed out. (connect timeout=1.5)'))",2026-02-01 11:14:20
51.118.54.60,False,deepseek-r1:latest,92,inference_gibberish,2026-02-01 11:14:20
103.192.41.31,True,"gpt-oss:latest,phi3:mini-128k",423,,2026-02-01 11:14:20
1.13.19.44,False,,,"HTTPConnectionPool(host='1.13.19.44', port=11434): Max retries exceeded with url: /api/tags (Caused by ConnectTimeoutError(<urllib3.connection.HTTPConnection object at 0x000002114DC200E0>, 'Connection to 1.13.19.44 timed out. (connect timeout=1.5)'))",2026-02-01 11:14:20
94.126.206.39,False,,,"HTTPConnectionPool(host='94.126.206.39', port=11434): Max retries exceeded with url: /api/tags (Caused by ConnectTimeoutError(<urllib3.connection.HTTPConnection object at 0x000002114DCC86B0>, 'Connection to 94.126.206.39 timed out. (connect timeout=1.5)'))",2026-02-01 11:14:20
52.67.91.26,False,,,"HTTPConnectionPool(host='52.67.91.26', port=11434): Max retries exceeded with url: /api/tags (Caused by ConnectTimeoutError(<urllib3.connection.HTTPConnection object at 0x000002114DB65610>, 'Connection to 52.67.91.26 timed out. (connect timeout=1.5)'))",2026-02-01 11:14:20
13.229.78.20,False,,,"HTTPConnectionPool(host='13.229.78.20', port=11434): Max retries exceeded with url: /api/tags (Caused by ConnectTimeoutError(<urllib3.connection.HTTPConnection object at 0x000002114DB7FBC0>, 'Connection to 13.229.78.20 timed out. (connect timeout=1.5)'))",2026-02-01 11:14:20
51.118.115.32,False,,,"HTTPConnectionPool(host='51.118.115.32', port=11434): Max retries exceeded with url: /api/tags (Caused by ConnectTimeoutError(<urllib3.connection.HTTPConnection object at 0x000002114DB67680>, 'Connection to 51.118.115.32 timed out. (connect timeout=1.5)'))",2026-02-01 11:14:20
18.61.166.119,False,,,"HTTPConnectionPool(host='18.61.166.119', port=11434): Max retries exceeded with url: /api/tags (Caused by ConnectTimeoutError(<urllib3.connection.HTTPConnection object at 0x000002114DB2C740>, 'Connection to 18.61.166.119 timed out. (connect timeout=1.5)'))",2026-02-01 11:14:20
180.102.134.42,False,,,"HTTPConnectionPool(host='180.102.134.42', port=11434): Max retries exceeded with url: /api/tags (Caused by ConnectTimeoutError(<urllib3.connection.HTTPConnection object at 0x000002114DC61760>, 'Connection to 180.102.134.42 timed out. (connect timeout=1.5)'))",2026-02-01 11:14:20
103.192.43.186,False,,,"HTTPConnectionPool(host='103.192.43.186', port=11434): Read timed out. (read timeout=1.5)",2026-02-01 11:14:20
15.161.89.38,False,,,"HTTPConnectionPool(host='15.161.89.38', port=11434): Max retries exceeded with url: /api/tags (Caused by ConnectTimeoutError(<urllib3.connection.HTTPConnection object at 0x000002114DCBCD10>, 'Connection to 15.161.89.38 timed out. (connect timeout=1.5)'))",2026-02-01 11:14:20
103.192.42.90,True,"gpt-oss:latest,phi3:mini-128k",400,,2026-02-01 11:14:20
51.44.167.115,False,,,"HTTPConnectionPool(host='51.44.167.115', port=11434): Max retries exceeded with url: /api/tags (Caused by ConnectTimeoutError(<urllib3.connection.HTTPConnection object at 0x000002114DB046B0>, 'Connection to 51.44.167.115 timed out. (connect timeout=1.5)'))",2026-02-01 11:14:20
103.192.40.171,False,"gpt-oss:latest,phi3:mini-128k",435,inference_gibberish,2026-02-01 11:14:20
103.192.40.172,False,,,"HTTPConnectionPool(host='103.192.40.172', port=11434): Read timed out. (read timeout=1.5)",2026-02-01 11:14:20
18.60.146.178,False,,,"HTTPConnectionPool(host='18.60.146.178', port=11434): Max retries exceeded with url: /api/tags (Caused by ConnectTimeoutError(<urllib3.connection.HTTPConnection object at 0x000002114DB66870>, 'Connection to 18.60.146.178 timed out. (connect timeout=1.5)'))",2026-02-01 11:14:20
65.0.76.199,False,,,"HTTPConnectionPool(host='65.0.76.199', port=11434): Max retries exceeded with url: /api/tags (Caused by ConnectTimeoutError(<urllib3.connection.HTTPConnection object at 0x000002114DC97CB0>, 'Connection to 65.0.76.199 timed out. (connect timeout=1.5)'))",2026-02-01 11:14:20
18.163.198.66,False,,,"HTTPConnectionPool(host='18.163.198.66', port=11434): Max retries exceeded with url: /api/tags (Caused by ConnectTimeoutError(<urllib3.connection.HTTPConnection object at 0x000002114DC61C10>, 'Connection to 18.163.198.66 timed out. (connect timeout=1.5)'))",2026-02-01 11:14:20
99.79.161.132,False,,,"HTTPConnectionPool(host='99.79.161.132', port=11434): Max retries exceeded with url: /api/tags (Caused by ConnectTimeoutError(<urllib3.connection.HTTPConnection object at 0x000002114DA86AE0>, 'Connection to 99.79.161.132 timed out. (connect timeout=1.5)'))",2026-02-01 11:14:20
51.112.47.114,False,,,"HTTPConnectionPool(host='51.112.47.114', port=11434): Max retries exceeded with url: /api/tags (Caused by ConnectTimeoutError(<urllib3.connection.HTTPConnection object at 0x000002114DC089B0>, 'Connection to 51.112.47.114 timed out. (connect timeout=1.5)'))",2026-02-01 11:14:20
147.182.242.47,False,,,"HTTPConnectionPool(host='147.182.242.47', port=11434): Max retries exceeded with url: /api/tags (Caused by ConnectTimeoutError(<urllib3.connection.HTTPConnection object at 0x000002114DC612E0>, 'Connection to 147.182.242.47 timed out. (connect timeout=1.5)'))",2026-02-01 11:14:20
209.182.225.161,False,gemma3:4b,492,inference_gibberish,2026-02-01 11:14:20
16.25.11.125,False,,,"HTTPConnectionPool(host='16.25.11.125', port=11434): Max retries exceeded with url: /api/tags (Caused by ConnectTimeoutError(<urllib3.connection.HTTPConnection object at 0x000002114DC97830>, 'Connection to 16.25.11.125 timed out. (connect timeout=1.5)'))",2026-02-01 11:14:20
40.192.18.108,False,,,"HTTPConnectionPool(host='40.192.18.108', port=11434): Max retries exceeded with url: /api/tags (Caused by ConnectTimeoutError(<urllib3.connection.HTTPConnection object at 0x000002114DA87E90>, 'Connection to 40.192.18.108 timed out. (connect timeout=1.5)'))",2026-02-01 11:14:20
18.191.75.81,False,,,"HTTPConnectionPool(host='18.191.75.81', port=11434): Max retries exceeded with url: /api/tags (Caused by ConnectTimeoutError(<urllib3.connection.HTTPConnection object at 0x000002114DB67800>, 'Connection to 18.191.75.81 timed out. (connect timeout=1.5)'))",2026-02-01 11:14:20
119.207.110.44,False,,,"HTTPConnectionPool(host='119.207.110.44', port=11434): Max retries exceeded with url: /api/tags (Caused by ConnectTimeoutError(<urllib3.connection.HTTPConnection object at 0x000002114DB53680>, 'Connection to 119.207.110.44 timed out. (connect timeout=1.5)'))",2026-02-01 11:14:20
56.155.141.127,False,,,"HTTPConnectionPool(host='56.155.141.127', port=11434): Max retries exceeded with url: /api/tags (Caused by ConnectTimeoutError(<urllib3.connection.HTTPConnection object at 0x000002114DC22DE0>, 'Connection to 56.155.141.127 timed out. (connect timeout=1.5)'))",2026-02-01 11:14:20
103.9.156.20,False,,,"HTTPConnectionPool(host='103.9.156.20', port=11434): Max retries exceeded with url: /api/tags (Caused by ConnectTimeoutError(<urllib3.connection.HTTPConnection object at 0x000002114DBE7C20>, 'Connection to 103.9.156.20 timed out. (connect timeout=1.5)'))",2026-02-01 11:14:20
51.44.221.181,False,,,"HTTPConnectionPool(host='51.44.221.181', port=11434): Max retries exceeded with url: /api/tags (Caused by ConnectTimeoutError(<urllib3.connection.HTTPConnection object at 0x000002114DC3C290>, 'Connection to 51.44.221.181 timed out. (connect timeout=1.5)'))",2026-02-01 11:14:20
103.192.41.39,True,"gpt-oss:latest,phi3:mini-128k",408,,2026-02-01 11:14:20
15.237.95.75,False,"codellama:13b,openchat:7b",617,inference_gibberish,2026-02-01 11:14:20
16.50.115.180,False,,,"HTTPConnectionPool(host='16.50.115.180', port=11434): Max retries exceeded with url: /api/tags (Caused by ConnectTimeoutError(<urllib3.connection.HTTPConnection object at 0x000002114DACF920>, 'Connection to 16.50.115.180 timed out. (connect timeout=1.5)'))",2026-02-01 11:14:20
65.109.31.18,False,,,"HTTPConnectionPool(host='65.109.31.18', port=11434): Max retries exceeded with url: /api/tags (Caused by ConnectTimeoutError(<urllib3.connection.HTTPConnection object at 0x000002114DB65430>, 'Connection to 65.109.31.18 timed out. (connect timeout=1.5)'))",2026-02-01 11:14:20
13.246.230.75,False,"openchat:7b,deepseek-r1:latest",409,inference_gibberish,2026-02-01 11:14:20
116.148.208.31,False,,,"HTTPConnectionPool(host='116.148.208.31', port=11434): Max retries exceeded with url: /api/tags (Caused by ConnectTimeoutError(<urllib3.connection.HTTPConnection object at 0x000002114DB07E60>, 'Connection to 116.148.208.31 timed out. (connect timeout=1.5)'))",2026-02-01 11:14:20
131.100.25.162,False,,,"HTTPConnectionPool(host='131.100.25.162', port=11434): Max retries exceeded with url: /api/tags (Caused by ConnectTimeoutError(<urllib3.connection.HTTPConnection object at 0x000002114DA5F6E0>, 'Connection to 131.100.25.162 timed out. (connect timeout=1.5)'))",2026-02-01 11:14:20
18.223.125.9,False,,,"HTTPConnectionPool(host='18.223.125.9', port=11434): Max retries exceeded with url: /api/tags (Caused by ConnectTimeoutError(<urllib3.connection.HTTPConnection object at 0x000002114DC3C860>, 'Connection to 18.223.125.9 timed out. (connect timeout=1.5)'))",2026-02-01 11:14:20
190.253.142.29,False,,,"HTTPConnectionPool(host='190.253.142.29', port=11434): Max retries exceeded with url: /api/tags (Caused by ConnectTimeoutError(<urllib3.connection.HTTPConnection object at 0x000002114DA3FB00>, 'Connection to 190.253.142.29 timed out. (connect timeout=1.5)'))",2026-02-01 11:14:20
103.192.43.163,True,"gpt-oss:latest,phi3:mini-128k",438,,2026-02-01 11:14:20
101.43.74.5,True,"smollm2:135m,tinyllama:latest,deepseek-r1:1.5b,qwen2.5:0.5b",400,,2026-02-01 11:14:20
3.26.206.185,False,,,"HTTPConnectionPool(host='3.26.206.185', port=11434): Max retries exceeded with url: /api/tags (Caused by ConnectTimeoutError(<urllib3.connection.HTTPConnection object at 0x000002114DA87DD0>, 'Connection to 3.26.206.185 timed out. (connect timeout=1.5)'))",2026-02-01 11:14:20
3.8.176.137,False,,,"HTTPConnectionPool(host='3.8.176.137', port=11434): Max retries exceeded with url: /api/tags (Caused by ConnectTimeoutError(<urllib3.connection.HTTPConnection object at 0x000002114DCBCBF0>, 'Connection to 3.8.176.137 timed out. (connect timeout=1.5)'))",2026-02-01 11:14:20
193.17.57.142,False,gemma3:4b,73,inference_gibberish,2026-02-01 11:14:20
56.155.117.69,False,,,"HTTPConnectionPool(host='56.155.117.69', port=11434): Max retries exceeded with url: /api/tags (Caused by ConnectTimeoutError(<urllib3.connection.HTTPConnection object at 0x000002114DA03B00>, 'Connection to 56.155.117.69 timed out. (connect timeout=1.5)'))",2026-02-01 11:14:20
52.221.228.13,False,,,"HTTPConnectionPool(host='52.221.228.13', port=11434): Max retries exceeded with url: /api/tags (Caused by ConnectTimeoutError(<urllib3.connection.HTTPConnection object at 0x000002114DC20DA0>, 'Connection to 52.221.228.13 timed out. (connect timeout=1.5)'))",2026-02-01 11:14:20
51.95.69.133,False,,,"HTTPConnectionPool(host='51.95.69.133', port=11434): Max retries exceeded with url: /api/tags (Caused by ConnectTimeoutError(<urllib3.connection.HTTPConnection object at 0x000002114DBE4290>, 'Connection to 51.95.69.133 timed out. (connect timeout=1.5)'))",2026-02-01 11:14:20
34.14.43.125,False,,,"HTTPConnectionPool(host='34.14.43.125', port=11434): Max retries exceeded with url: /api/tags (Caused by ConnectTimeoutError(<urllib3.connection.HTTPConnection object at 0x000002114DB52DB0>, 'Connection to 34.14.43.125 timed out. (connect timeout=1.5)'))",2026-02-01 11:14:20
13.247.187.35,False,,,"HTTPConnectionPool(host='13.247.187.35', port=11434): Max retries exceeded with url: /api/tags (Caused by ConnectTimeoutError(<urllib3.connection.HTTPConnection object at 0x000002114DA87350>, 'Connection to 13.247.187.35 timed out. (connect timeout=1.5)'))",2026-02-01 11:14:20
3.9.14.6,False,,,"HTTPConnectionPool(host='3.9.14.6', port=11434): Max retries exceeded with url: /api/tags (Caused by ConnectTimeoutError(<urllib3.connection.HTTPConnection object at 0x000002114DCBD820>, 'Connection to 3.9.14.6 timed out. (connect timeout=1.5)'))",2026-02-01 11:14:20
47.100.232.183,False,,,"HTTPConnectionPool(host='47.100.232.183', port=11434): Max retries exceeded with url: /api/tags (Caused by ConnectTimeoutError(<urllib3.connection.HTTPConnection object at 0x000002114DB51B20>, 'Connection to 47.100.232.183 timed out. (connect timeout=1.5)'))",2026-02-01 11:14:20
203.253.21.169,False,,,"HTTPConnectionPool(host='203.253.21.169', port=11434): Max retries exceeded with url: /api/tags (Caused by ConnectTimeoutError(<urllib3.connection.HTTPConnection object at 0x000002114DB07DA0>, 'Connection to 203.253.21.169 timed out. (connect timeout=1.5)'))",2026-02-01 11:14:20
183.156.4.124,False,,,"HTTPConnectionPool(host='183.156.4.124', port=11434): Max retries exceeded with url: /api/tags (Caused by ConnectTimeoutError(<urllib3.connection.HTTPConnection object at 0x000002114DCCB230>, 'Connection to 183.156.4.124 timed out. (connect timeout=1.5)'))",2026-02-01 11:14:20
103.192.42.115,True,"gpt-oss:latest,phi3:mini-128k",423,,2026-02-01 11:14:20
51.94.27.237,False,,,"HTTPConnectionPool(host='51.94.27.237', port=11434): Max retries exceeded with url: /api/tags (Caused by ConnectTimeoutError(<urllib3.connection.HTTPConnection object at 0x000002114DCBC890>, 'Connection to 51.94.27.237 timed out. (connect timeout=1.5)'))",2026-02-01 11:14:20
54.184.83.128,False,,,"HTTPConnectionPool(host='54.184.83.128', port=11434): Max retries exceeded with url: /api/tags (Caused by ConnectTimeoutError(<urllib3.connection.HTTPConnection object at 0x000002114DB64920>, 'Connection to 54.184.83.128 timed out. (connect timeout=1.5)'))",2026-02-01 11:14:20
213.139.205.96,False,gemma3:4b,77,inference_gibberish,2026-02-01 11:14:20
16.50.115.87,False,,,"HTTPConnectionPool(host='16.50.115.87', port=11434): Max retries exceeded with url: /api/tags (Caused by ConnectTimeoutError(<urllib3.connection.HTTPConnection object at 0x000002114DB640E0>, 'Connection to 16.50.115.87 timed out. (connect timeout=1.5)'))",2026-02-01 11:14:20
204.48.31.46,False,,,"HTTPConnectionPool(host='204.48.31.46', port=11434): Max retries exceeded with url: /api/tags (Caused by ConnectTimeoutError(<urllib3.connection.HTTPConnection object at 0x000002114DC20B60>, 'Connection to 204.48.31.46 timed out. (connect timeout=1.5)'))",2026-02-01 11:14:20
13.38.59.179,False,,,"HTTPConnectionPool(host='13.38.59.179', port=11434): Max retries exceeded with url: /api/tags (Caused by ConnectTimeoutError(<urllib3.connection.HTTPConnection object at 0x000002114DACC860>, 'Connection to 13.38.59.179 timed out. (connect timeout=1.5)'))",2026-02-01 11:14:20
18.224.44.184,False,,,"HTTPConnectionPool(host='18.224.44.184', port=11434): Max retries exceeded with url: /api/tags (Caused by ConnectTimeoutError(<urllib3.connection.HTTPConnection object at 0x000002114DCBDA90>, 'Connection to 18.224.44.184 timed out. (connect timeout=1.5)'))",2026-02-01 11:14:20
43.207.175.96,False,,,"HTTPConnectionPool(host='43.207.175.96', port=11434): Max retries exceeded with url: /api/tags (Caused by ConnectTimeoutError(<urllib3.connection.HTTPConnection object at 0x000002114DA866F0>, 'Connection to 43.207.175.96 timed out. (connect timeout=1.5)'))",2026-02-01 11:14:20
3.28.136.112,False,,,"HTTPConnectionPool(host='3.28.136.112', port=11434): Max retries exceeded with url: /api/tags (Caused by ConnectTimeoutError(<urllib3.connection.HTTPConnection object at 0x000002114DC3D730>, 'Connection to 3.28.136.112 timed out. (connect timeout=1.5)'))",2026-02-01 11:14:20
209.182.225.187,False,gemma3:4b,457,inference_gibberish,2026-02-01 11:14:20
3.142.241.226,False,,,"HTTPConnectionPool(host='3.142.241.226', port=11434): Max retries exceeded with url: /api/tags (Caused by ConnectTimeoutError(<urllib3.connection.HTTPConnection object at 0x000002114DCBE270>, 'Connection to 3.142.241.226 timed out. (connect timeout=1.5)'))",2026-02-01 11:14:20
51.84.232.147,False,,,"HTTPConnectionPool(host='51.84.232.147', port=11434): Max retries exceeded with url: /api/tags (Caused by ConnectTimeoutError(<urllib3.connection.HTTPConnection object at 0x000002114DC612E0>, 'Connection to 51.84.232.147 timed out. (connect timeout=1.5)'))",2026-02-01 11:14:20
45.95.18.122,False,gemma3:4b,213,inference_gibberish,2026-02-01 11:14:20
13.201.126.208,False,,,"HTTPConnectionPool(host='13.201.126.208', port=11434): Max retries exceeded with url: /api/tags (Caused by ConnectTimeoutError(<urllib3.connection.HTTPConnection object at 0x000002114DCC9940>, 'Connection to 13.201.126.208 timed out. (connect timeout=1.5)'))",2026-02-01 11:14:20
103.192.43.132,True,"gpt-oss:latest,phi3:mini-128k",428,,2026-02-01 11:14:20
18.101.142.72,False,,,"HTTPConnectionPool(host='18.101.142.72', port=11434): Max retries exceeded with url: /api/tags (Caused by ConnectTimeoutError(<urllib3.connection.HTTPConnection object at 0x000002114DA3FA40>, 'Connection to 18.101.142.72 timed out. (connect timeout=1.5)'))",2026-02-01 11:14:20
51.96.143.5,False,qwen2.5:1.5b,56,inference_gibberish,2026-02-01 11:14:20
35.167.159.31,False,,,"HTTPConnectionPool(host='35.167.159.31', port=11434): Max retries exceeded with url: /api/tags (Caused by ConnectTimeoutError(<urllib3.connection.HTTPConnection object at 0x000002114DCBE5A0>, 'Connection to 35.167.159.31 timed out. (connect timeout=1.5)'))",2026-02-01 11:14:20
54.228.36.147,False,,,"HTTPConnectionPool(host='54.228.36.147', port=11434): Max retries exceeded with url: /api/tags (Caused by ConnectTimeoutError(<urllib3.connection.HTTPConnection object at 0x000002114DA85FD0>, 'Connection to 54.228.36.147 timed out. (connect timeout=1.5)'))",2026-02-01 11:14:20
3.22.79.97,False,,,"HTTPConnectionPool(host='3.22.79.97', port=11434): Max retries exceeded with url: /api/tags (Caused by ConnectTimeoutError(<urllib3.connection.HTTPConnection object at 0x000002114DB7C3B0>, 'Connection to 3.22.79.97 timed out. (connect timeout=1.5)'))",2026-02-01 11:14:20
3.107.78.207,False,,,"HTTPConnectionPool(host='3.107.78.207', port=11434): Max retries exceeded with url: /api/tags (Caused by ConnectTimeoutError(<urllib3.connection.HTTPConnection object at 0x000002114DC23BF0>, 'Connection to 3.107.78.207 timed out. (connect timeout=1.5)'))",2026-02-01 11:14:20
144.208.127.83,False,gemma3:4b,266,inference_gibberish,2026-02-01 11:14:20
47.105.125.1,False,,,"HTTPConnectionPool(host='47.105.125.1', port=11434): Max retries exceeded with url: /api/tags (Caused by ConnectTimeoutError(<urllib3.connection.HTTPConnection object at 0x000002114DC61370>, 'Connection to 47.105.125.1 timed out. (connect timeout=1.5)'))",2026-02-01 11:14:20
52.195.179.233,False,,,"HTTPConnectionPool(host='52.195.179.233', port=11434): Max retries exceeded with url: /api/tags (Caused by ConnectTimeoutError(<urllib3.connection.HTTPConnection object at 0x000002114DACED80>, 'Connection to 52.195.179.233 timed out. (connect timeout=1.5)'))",2026-02-01 11:14:20
16.170.141.72,False,,,"HTTPConnectionPool(host='16.170.141.72', port=11434): Max retries exceeded with url: /api/tags (Caused by ConnectTimeoutError(<urllib3.connection.HTTPConnection object at 0x000002114DCC83E0>, 'Connection to 16.170.141.72 timed out. (connect timeout=1.5)'))",2026-02-01 11:14:20
209.71.178.153,False,,,"HTTPConnectionPool(host='209.71.178.153', port=11434): Max retries exceeded with url: /api/tags (Caused by ConnectTimeoutError(<urllib3.connection.HTTPConnection object at 0x000002114DC60650>, 'Connection to 209.71.178.153 timed out. (connect timeout=1.5)'))",2026-02-01 11:14:20
43.230.161.27,False,gemma3:4b,767,inference_gibberish,2026-02-01 11:14:20
167.235.180.117,False,,,"HTTPConnectionPool(host='167.235.180.117', port=11434): Max retries exceeded with url: /api/tags (Caused by ConnectTimeoutError(<urllib3.connection.HTTPConnection object at 0x000002114DC62750>, 'Connection to 167.235.180.117 timed out. (connect timeout=1.5)'))",2026-02-01 11:14:20
103.192.43.157,True,"gpt-oss:latest,phi3:mini-128k",423,,2026-02-01 11:14:20
172.96.137.30,False,gemma3:4b,384,inference_gibberish,2026-02-01 11:14:20
13.51.167.93,False,,,"HTTPConnectionPool(host='13.51.167.93', port=11434): Max retries exceeded with url: /api/tags (Caused by ConnectTimeoutError(<urllib3.connection.HTTPConnection object at 0x000002114DC97710>, 'Connection to 13.51.167.93 timed out. (connect timeout=1.5)'))",2026-02-01 11:14:20
43.230.161.136,False,gemma3:4b,775,inference_gibberish,2026-02-01 11:14:20
3.99.152.143,False,,,"HTTPConnectionPool(host='3.99.152.143', port=11434): Max retries exceeded with url: /api/tags (Caused by ConnectTimeoutError(<urllib3.connection.HTTPConnection object at 0x000002114CC6D1C0>, 'Connection to 3.99.152.143 timed out. (connect timeout=1.5)'))",2026-02-01 11:14:20
103.192.41.32,False,"gpt-oss:latest,phi3:mini-128k",420,inference_gibberish,2026-02-01 11:14:20
103.192.40.131,False,"gpt-oss:latest,phi3:mini-128k",447,inference_gibberish,2026-02-01 11:14:20
103.192.41.12,False,"gpt-oss:latest,phi3:mini-128k",415,inference_gibberish,2026-02-01 11:14:20
43.254.135.30,False,,,"HTTPConnectionPool(host='43.254.135.30', port=11434): Max retries exceeded with url: /api/tags (Caused by ConnectTimeoutError(<urllib3.connection.HTTPConnection object at 0x000002114DC63AA0>, 'Connection to 43.254.135.30 timed out. (connect timeout=1.5)'))",2026-02-01 11:14:20
144.208.127.109,False,gemma3:4b,266,inference_gibberish,2026-02-01 11:14:20
103.192.42.78,False,"gpt-oss:latest,phi3:mini-128k",407,inference_gibberish,2026-02-01 11:14:20
18.228.220.125,False,,,"HTTPConnectionPool(host='18.228.220.125', port=11434): Max retries exceeded with url: /api/tags (Caused by ConnectTimeoutError(<urllib3.connection.HTTPConnection object at 0x000002114DB528A0>, 'Connection to 18.228.220.125 timed out. (connect timeout=1.5)'))",2026-02-01 11:14:20
47.101.171.225,False,,,"HTTPConnectionPool(host='47.101.171.225', port=11434): Max retries exceeded with url: /api/tags (Caused by ConnectTimeoutError(<urllib3.connection.HTTPConnection object at 0x000002114DC21E20>, 'Connection to 47.101.171.225 timed out. (connect timeout=1.5)'))",2026-02-01 11:14:20
38.242.206.229,True,"qwen2.5:1.5b,qwen2.5:latest,nomic-embed-text:latest",77,,2026-02-01 11:14:20
51.16.217.201,False,,,"HTTPConnectionPool(host='51.16.217.201', port=11434): Max retries exceeded with url: /api/tags (Caused by ConnectTimeoutError(<urllib3.connection.HTTPConnection object at 0x000002114DCBC500>, 'Connection to 51.16.217.201 timed out. (connect timeout=1.5)'))",2026-02-01 11:14:20
103.192.43.134,False,"gpt-oss:latest,phi3:mini-128k",417,inference_gibberish,2026-02-01 11:14:20
16.26.207.212,False,,,"HTTPConnectionPool(host='16.26.207.212', port=11434): Max retries exceeded with url: /api/tags (Caused by ConnectTimeoutError(<urllib3.connection.HTTPConnection object at 0x000002114DA3DD90>, 'Connection to 16.26.207.212 timed out. (connect timeout=1.5)'))",2026-02-01 11:14:20
51.84.240.93,False,,,"HTTPConnectionPool(host='51.84.240.93', port=11434): Max retries exceeded with url: /api/tags (Caused by ConnectTimeoutError(<urllib3.connection.HTTPConnection object at 0x000002114DB060F0>, 'Connection to 51.84.240.93 timed out. (connect timeout=1.5)'))",2026-02-01 11:14:20
35.177.194.93,False,,,"HTTPConnectionPool(host='35.177.194.93', port=11434): Max retries exceeded with url: /api/tags (Caused by ConnectTimeoutError(<urllib3.connection.HTTPConnection object at 0x000002114DC23FB0>, 'Connection to 35.177.194.93 timed out. (connect timeout=1.5)'))",2026-02-01 11:14:20
54.219.235.204,False,,,"HTTPConnectionPool(host='54.219.235.204', port=11434): Max retries exceeded with url: /api/tags (Caused by ConnectTimeoutError(<urllib3.connection.HTTPConnection object at 0x000002114DC229F0>, 'Connection to 54.219.235.204 timed out. (connect timeout=1.5)'))",2026-02-01 11:14:20
103.192.40.159,False,"gpt-oss:latest,phi3:mini-128k",436,inference_gibberish,2026-02-01 11:14:20
15.237.37.27,False,,,"HTTPConnectionPool(host='15.237.37.27', port=11434): Max retries exceeded with url: /api/tags (Caused by ConnectTimeoutError(<urllib3.connection.HTTPConnection object at 0x000002114DA3F7D0>, 'Connection to 15.237.37.27 timed out. (connect timeout=1.5)'))",2026-02-01 11:14:20
43.206.210.63,False,,,"HTTPConnectionPool(host='43.206.210.63', port=11434): Max retries exceeded with url: /api/tags (Caused by ConnectTimeoutError(<urllib3.connection.HTTPConnection object at 0x000002114DC3F650>, 'Connection to 43.206.210.63 timed out. (connect timeout=1.5)'))",2026-02-01 11:14:20
15.185.200.246,False,,,"HTTPConnectionPool(host='15.185.200.246', port=11434): Max retries exceeded with url: /api/tags (Caused by ConnectTimeoutError(<urllib3.connection.HTTPConnection object at 0x000002114DC62CC0>, 'Connection to 15.185.200.246 timed out. (connect timeout=1.5)'))",2026-02-01 11:14:20
117.72.118.118,False,,,"HTTPConnectionPool(host='117.72.118.118', port=11434): Max retries exceeded with url: /api/tags (Caused by ConnectTimeoutError(<urllib3.connection.HTTPConnection object at 0x000002114DC60590>, 'Connection to 117.72.118.118 timed out. (connect timeout=1.5)'))",2026-02-01 11:14:20
54.233.17.147,False,,,"HTTPConnectionPool(host='54.233.17.147', port=11434): Max retries exceeded with url: /api/tags (Caused by ConnectTimeoutError(<urllib3.connection.HTTPConnection object at 0x000002114DB511C0>, 'Connection to 54.233.17.147 timed out. (connect timeout=1.5)'))",2026-02-01 11:14:20
51.85.34.182,False,,,"HTTPConnectionPool(host='51.85.34.182', port=11434): Max retries exceeded with url: /api/tags (Caused by ConnectTimeoutError(<urllib3.connection.HTTPConnection object at 0x000002114DB53620>, 'Connection to 51.85.34.182 timed out. (connect timeout=1.5)'))",2026-02-01 11:14:20
80.9.238.16,False,,,"HTTPConnectionPool(host='80.9.238.16', port=11434): Max retries exceeded with url: /api/tags (Caused by ConnectTimeoutError(<urllib3.connection.HTTPConnection object at 0x000002114DB50E90>, 'Connection to 80.9.238.16 timed out. (connect timeout=1.5)'))",2026-02-01 11:14:20
18.215.143.41,False,,,"HTTPConnectionPool(host='18.215.143.41', port=11434): Max retries exceeded with url: /api/tags (Caused by ConnectTimeoutError(<urllib3.connection.HTTPConnection object at 0x000002114DB514F0>, 'Connection to 18.215.143.41 timed out. (connect timeout=1.5)'))",2026-02-01 11:14:20
91.98.18.180,False,,,"HTTPConnectionPool(host='91.98.18.180', port=11434): Max retries exceeded with url: /api/tags (Caused by ConnectTimeoutError(<urllib3.connection.HTTPConnection object at 0x000002114DA44A40>, 'Connection to 91.98.18.180 timed out. (connect timeout=1.5)'))",2026-02-01 11:14:20
13.222.58.174,False,,,"HTTPConnectionPool(host='13.222.58.174', port=11434): Max retries exceeded with url: /api/tags (Caused by ConnectTimeoutError(<urllib3.connection.HTTPConnection object at 0x000002114DA5D850>, 'Connection to 13.222.58.174 timed out. (connect timeout=1.5)'))",2026-02-01 11:14:20
103.192.43.155,True,"gpt-oss:latest,phi3:mini-128k",401,,2026-02-01 11:14:20
15.160.119.152,False,,,"HTTPConnectionPool(host='15.160.119.152', port=11434): Max retries exceeded with url: /api/tags (Caused by ConnectTimeoutError(<urllib3.connection.HTTPConnection object at 0x000002114DC087A0>, 'Connection to 15.160.119.152 timed out. (connect timeout=1.5)'))",2026-02-01 11:14:20
18.100.125.114,False,,,"HTTPConnectionPool(host='18.100.125.114', port=11434): Max retries exceeded with url: /api/tags (Caused by ConnectTimeoutError(<urllib3.connection.HTTPConnection object at 0x000002114DA5C140>, 'Connection to 18.100.125.114 timed out. (connect timeout=1.5)'))",2026-02-01 11:14:20
3.29.230.62,False,,,"HTTPConnectionPool(host='3.29.230.62', port=11434): Max retries exceeded with url: /api/tags (Caused by ConnectTimeoutError(<urllib3.connection.HTTPConnection object at 0x000002114DC3ECF0>, 'Connection to 3.29.230.62 timed out. (connect timeout=1.5)'))",2026-02-01 11:14:20
144.208.127.82,False,gemma3:4b,294,inference_gibberish,2026-02-01 11:14:20
54.254.249.107,False,,,"HTTPConnectionPool(host='54.254.249.107', port=11434): Max retries exceeded with url: /api/tags (Caused by ConnectTimeoutError(<urllib3.connection.HTTPConnection object at 0x000002114DBE7CB0>, 'Connection to 54.254.249.107 timed out. (connect timeout=1.5)'))",2026-02-01 11:14:20
16.63.210.211,False,,,"HTTPConnectionPool(host='16.63.210.211', port=11434): Max retries exceeded with url: /api/tags (Caused by ConnectTimeoutError(<urllib3.connection.HTTPConnection object at 0x000002114DB66120>, 'Connection to 16.63.210.211 timed out. (connect timeout=1.5)'))",2026-02-01 11:14:20
18.61.156.187,False,,,"HTTPConnectionPool(host='18.61.156.187', port=11434): Max retries exceeded with url: /api/tags (Caused by ConnectTimeoutError(<urllib3.connection.HTTPConnection object at 0x000002114DB51E20>, 'Connection to 18.61.156.187 timed out. (connect timeout=1.5)'))",2026-02-01 11:14:20
103.192.42.95,False,"gpt-oss:latest,phi3:mini-128k",398,inference_gibberish,2026-02-01 11:14:20
103.192.43.167,False,"gpt-oss:latest,phi3:mini-128k",414,inference_gibberish,2026-02-01 11:14:20
103.192.42.87,False,"gpt-oss:latest,phi3:mini-128k",445,inference_gibberish,2026-02-01 11:14:20
103.192.43.182,False,"gpt-oss:latest,phi3:mini-128k",452,inference_gibberish,2026-02-01 11:14:20
103.192.43.139,False,"gpt-oss:latest,phi3:mini-128k",456,inference_gibberish,2026-02-01 11:14:20
103.192.40.175,False,"gpt-oss:latest,phi3:mini-128k",438,inference_gibberish,2026-02-01 11:14:20
103.192.42.105,False,"gpt-oss:latest,phi3:mini-128k",408,inference_gibberish,2026-02-01 11:14:20
51.17.79.32,False,,,"HTTPConnectionPool(host='51.17.79.32', port=11434): Max retries exceeded with url: /api/tags (Caused by ConnectTimeoutError(<urllib3.connection.HTTPConnection object at 0x000002114DA5C230>, 'Connection to 51.17.79.32 timed out. (connect timeout=1.5)'))",2026-02-01 11:14:20
3.135.207.53,False,,,"HTTPConnectionPool(host='3.135.207.53', port=11434): Max retries exceeded with url: /api/tags (Caused by ConnectTimeoutError(<urllib3.connection.HTTPConnection object at 0x000002114DCCB6E0>, 'Connection to 3.135.207.53 timed out. (connect timeout=1.5)'))",2026-02-01 11:14:20
51.84.240.152,False,,,"HTTPConnectionPool(host='51.84.240.152', port=11434): Max retries exceeded with url: /api/tags (Caused by ConnectTimeoutError(<urllib3.connection.HTTPConnection object at 0x000002114DC3ECC0>, 'Connection to 51.84.240.152 timed out. (connect timeout=1.5)'))",2026-02-01 11:14:20
54.91.183.33,False,,,"HTTPConnectionPool(host='54.91.183.33', port=11434): Max retries exceeded with url: /api/tags (Caused by ConnectTimeoutError(<urllib3.connection.HTTPConnection object at 0x000002114D9E9010>, 'Connection to 54.91.183.33 timed out. (connect timeout=1.5)'))",2026-02-01 11:14:20
144.208.127.81,False,gemma3:4b,276,inference_gibberish,2026-02-01 11:14:20
193.17.57.146,False,gemma3:4b,90,inference_gibberish,2026-02-01 11:14:20
18.201.17.252,False,,,"HTTPConnectionPool(host='18.201.17.252', port=11434): Max retries exceeded with url: /api/tags (Caused by ConnectTimeoutError(<urllib3.connection.HTTPConnection object at 0x000002114DB2DD00>, 'Connection to 18.201.17.252 timed out. (connect timeout=1.5)'))",2026-02-01 11:14:20
160.30.231.201,False,,,"HTTPConnectionPool(host='160.30.231.201', port=11434): Max retries exceeded with url: /api/tags (Caused by ConnectTimeoutError(<urllib3.connection.HTTPConnection object at 0x000002114DCC9100>, 'Connection to 160.30.231.201 timed out. (connect timeout=1.5)'))",2026-02-01 11:14:20
15.160.26.120,False,codellama:13b,87,inference_gibberish,2026-02-01 11:14:20
144.208.127.80,False,gemma3:4b,285,inference_gibberish,2026-02-01 11:14:20
13.247.119.181,False,,,"HTTPConnectionPool(host='13.247.119.181', port=11434): Max retries exceeded with url: /api/tags (Caused by ConnectTimeoutError(<urllib3.connection.HTTPConnection object at 0x000002114DA3FB00>, 'Connection to 13.247.119.181 timed out. (connect timeout=1.5)'))",2026-02-01 11:14:20
51.118.30.180,False,,,"HTTPConnectionPool(host='51.118.30.180', port=11434): Max retries exceeded with url: /api/tags (Caused by ConnectTimeoutError(<urllib3.connection.HTTPConnection object at 0x000002114DC08AA0>, 'Connection to 51.118.30.180 timed out. (connect timeout=1.5)'))",2026-02-01 11:14:20
3.106.245.124,False,,,"HTTPConnectionPool(host='3.106.245.124', port=11434): Max retries exceeded with url: /api/tags (Caused by ConnectTimeoutError(<urllib3.connection.HTTPConnection object at 0x000002114DB2EDE0>, 'Connection to 3.106.245.124 timed out. (connect timeout=1.5)'))",2026-02-01 11:14:20
103.192.40.164,False,"gpt-oss:latest,phi3:mini-128k",460,inference_gibberish,2026-02-01 11:14:20
103.192.42.118,False,"gpt-oss:latest,phi3:mini-128k",413,inference_gibberish,2026-02-01 11:14:20
54.191.26.117,True,"llama2:latest,qwen2.5:1.5b",294,,2026-02-01 11:14:20
3.145.98.137,False,,,"HTTPConnectionPool(host='3.145.98.137', port=11434): Max retries exceeded with url: /api/tags (Caused by ConnectTimeoutError(<urllib3.connection.HTTPConnection object at 0x000002114DB06360>, 'Connection to 3.145.98.137 timed out. (connect timeout=1.5)'))",2026-02-01 11:14:20
13.60.69.89,False,,,"HTTPConnectionPool(host='13.60.69.89', port=11434): Max retries exceeded with url: /api/tags (Caused by ConnectTimeoutError(<urllib3.connection.HTTPConnection object at 0x000002114DB06570>, 'Connection to 13.60.69.89 timed out. (connect timeout=1.5)'))",2026-02-01 11:14:20
172.96.137.33,False,gemma3:4b,405,inference_gibberish,2026-02-01 11:14:20
15.160.76.179,False,,,"HTTPConnectionPool(host='15.160.76.179', port=11434): Max retries exceeded with url: /api/tags (Caused by ConnectTimeoutError(<urllib3.connection.HTTPConnection object at 0x000002114DB504A0>, 'Connection to 15.160.76.179 timed out. (connect timeout=1.5)'))",2026-02-01 11:14:20
96.245.36.139,False,,,"HTTPConnectionPool(host='96.245.36.139', port=11434): Max retries exceeded with url: /api/tags (Caused by ConnectTimeoutError(<urllib3.connection.HTTPConnection object at 0x000002114DB51850>, 'Connection to 96.245.36.139 timed out. (connect timeout=1.5)'))",2026-02-01 11:14:20
16.51.38.103,False,,,"HTTPConnectionPool(host='16.51.38.103', port=11434): Max retries exceeded with url: /api/tags (Caused by ConnectTimeoutError(<urllib3.connection.HTTPConnection object at 0x000002114DC22C00>, 'Connection to 16.51.38.103 timed out. (connect timeout=1.5)'))",2026-02-01 11:14:20
34.219.65.70,False,,,"HTTPConnectionPool(host='34.219.65.70', port=11434): Max retries exceeded with url: /api/tags (Caused by ConnectTimeoutError(<urllib3.connection.HTTPConnection object at 0x000002114DA3C440>, 'Connection to 34.219.65.70 timed out. (connect timeout=1.5)'))",2026-02-01 11:14:20
103.192.40.162,False,,,"HTTPConnectionPool(host='103.192.40.162', port=11434): Read timed out. (read timeout=1.5)",2026-02-01 11:14:20
185.93.221.185,False,gemma3:4b,140,inference_gibberish,2026-02-01 11:14:20
103.192.42.68,False,"gpt-oss:latest,phi3:mini-128k",397,inference_gibberish,2026-02-01 11:14:20
13.201.16.198,False,,,"HTTPConnectionPool(host='13.201.16.198', port=11434): Max retries exceeded with url: /api/tags (Caused by ConnectTimeoutError(<urllib3.connection.HTTPConnection object at 0x000002114DA3C0E0>, 'Connection to 13.201.16.198 timed out. (connect timeout=1.5)'))",2026-02-01 11:14:20
103.192.41.35,False,,,"HTTPConnectionPool(host='103.192.41.35', port=11434): Read timed out. (read timeout=1.5)",2026-02-01 11:14:20
34.171.178.61,False,,,"HTTPConnectionPool(host='34.171.178.61', port=11434): Max retries exceeded with url: /api/tags (Caused by ConnectTimeoutError(<urllib3.connection.HTTPConnection object at 0x000002114DB2C200>, 'Connection to 34.171.178.61 timed out. (connect timeout=1.5)'))",2026-02-01 11:14:20
103.192.42.84,False,"gpt-oss:latest,phi3:mini-128k",411,inference_gibberish,2026-02-01 11:14:20
15.188.83.224,False,,,"HTTPConnectionPool(host='15.188.83.224', port=11434): Max retries exceeded with url: /api/tags (Caused by ConnectTimeoutError(<urllib3.connection.HTTPConnection object at 0x000002114DC3DC10>, 'Connection to 15.188.83.224 timed out. (connect timeout=1.5)'))",2026-02-01 11:14:20
16.51.38.52,False,,,"HTTPConnectionPool(host='16.51.38.52', port=11434): Max retries exceeded with url: /api/tags (Caused by ConnectTimeoutError(<urllib3.connection.HTTPConnection object at 0x000002114DC096A0>, 'Connection to 16.51.38.52 timed out. (connect timeout=1.5)'))",2026-02-01 11:14:20
103.192.40.186,False,,,"HTTPConnectionPool(host='103.192.40.186', port=11434): Read timed out. (read timeout=1.5)",2026-02-01 11:14:20
18.163.238.175,False,,,"HTTPConnectionPool(host='18.163.238.175', port=11434): Max retries exceeded with url: /api/tags (Caused by ConnectTimeoutError(<urllib3.connection.HTTPConnection object at 0x000002114DC83560>, 'Connection to 18.163.238.175 timed out. (connect timeout=1.5)'))",2026-02-01 11:14:20
13.247.174.238,False,,,"HTTPConnectionPool(host='13.247.174.238', port=11434): Max retries exceeded with url: /api/tags (Caused by ConnectTimeoutError(<urllib3.connection.HTTPConnection object at 0x000002114DC3EDB0>, 'Connection to 13.247.174.238 timed out. (connect timeout=1.5)'))",2026-02-01 11:14:20
13.62.20.238,False,,,"HTTPConnectionPool(host='13.62.20.238', port=11434): Max retries exceeded with url: /api/tags (Caused by ConnectTimeoutError(<urllib3.connection.HTTPConnection object at 0x000002114DCCBDA0>, 'Connection to 13.62.20.238 timed out. (connect timeout=1.5)'))",2026-02-01 11:14:20
98.130.45.145,False,,,"HTTPConnectionPool(host='98.130.45.145', port=11434): Max retries exceeded with url: /api/tags (Caused by ConnectTimeoutError(<urllib3.connection.HTTPConnection object at 0x000002114DA5E480>, 'Connection to 98.130.45.145 timed out. (connect timeout=1.5)'))",2026-02-01 11:14:20
54.215.229.99,False,,,"HTTPConnectionPool(host='54.215.229.99', port=11434): Max retries exceeded with url: /api/tags (Caused by ConnectTimeoutError(<urllib3.connection.HTTPConnection object at 0x000002114DBE7DA0>, 'Connection to 54.215.229.99 timed out. (connect timeout=1.5)'))",2026-02-01 11:14:20
54.206.99.236,False,,,"HTTPConnectionPool(host='54.206.99.236', port=11434): Max retries exceeded with url: /api/tags (Caused by ConnectTimeoutError(<urllib3.connection.HTTPConnection object at 0x000002114DA3F9B0>, 'Connection to 54.206.99.236 timed out. (connect timeout=1.5)'))",2026-02-01 11:14:20
35.159.113.132,False,,,"HTTPConnectionPool(host='35.159.113.132', port=11434): Max retries exceeded with url: /api/tags (Caused by ConnectTimeoutError(<urllib3.connection.HTTPConnection object at 0x000002114DCCAC60>, 'Connection to 35.159.113.132 timed out. (connect timeout=1.5)'))",2026-02-01 11:14:20
51.84.148.6,False,,,"HTTPConnectionPool(host='51.84.148.6', port=11434): Max retries exceeded with url: /api/tags (Caused by ConnectTimeoutError(<urllib3.connection.HTTPConnection object at 0x000002114DCCBD40>, 'Connection to 51.84.148.6 timed out. (connect timeout=1.5)'))",2026-02-01 11:14:20
140.135.14.100,False,,,"HTTPConnectionPool(host='140.135.14.100', port=11434): Max retries exceeded with url: /api/tags (Caused by ConnectTimeoutError(<urllib3.connection.HTTPConnection object at 0x000002114DA5D8E0>, 'Connection to 140.135.14.100 timed out. (connect timeout=1.5)'))",2026-02-01 11:14:20
18.61.100.25,False,,,"HTTPConnectionPool(host='18.61.100.25', port=11434): Max retries exceeded with url: /api/tags (Caused by ConnectTimeoutError(<urllib3.connection.HTTPConnection object at 0x000002114DBE65A0>, 'Connection to 18.61.100.25 timed out. (connect timeout=1.5)'))",2026-02-01 11:14:20
3.29.64.162,False,,,"HTTPConnectionPool(host='3.29.64.162', port=11434): Max retries exceeded with url: /api/tags (Caused by ConnectTimeoutError(<urllib3.connection.HTTPConnection object at 0x000002114DA5C8F0>, 'Connection to 3.29.64.162 timed out. (connect timeout=1.5)'))",2026-02-01 11:14:20
3.138.138.69,False,,,"HTTPConnectionPool(host='3.138.138.69', port=11434): Max retries exceeded with url: /api/tags (Caused by ConnectTimeoutError(<urllib3.connection.HTTPConnection object at 0x000002114DBE52E0>, 'Connection to 3.138.138.69 timed out. (connect timeout=1.5)'))",2026-02-01 11:14:20
18.183.167.141,False,,,"HTTPConnectionPool(host='18.183.167.141', port=11434): Max retries exceeded with url: /api/tags (Caused by ConnectTimeoutError(<urllib3.connection.HTTPConnection object at 0x000002114DB05940>, 'Connection to 18.183.167.141 timed out. (connect timeout=1.5)'))",2026-02-01 11:14:20
16.144.51.243,False,,,"HTTPConnectionPool(host='16.144.51.243', port=11434): Max retries exceeded with url: /api/tags (Caused by ConnectTimeoutError(<urllib3.connection.HTTPConnection object at 0x000002114DACCC20>, 'Connection to 16.144.51.243 timed out. (connect timeout=1.5)'))",2026-02-01 11:14:20
13.49.223.195,False,,,"HTTPConnectionPool(host='13.49.223.195', port=11434): Max retries exceeded with url: /api/tags (Caused by ConnectTimeoutError(<urllib3.connection.HTTPConnection object at 0x000002114DA5C350>, 'Connection to 13.49.223.195 timed out. (connect timeout=1.5)'))",2026-02-01 11:14:20
16.28.17.100,False,,,"HTTPConnectionPool(host='16.28.17.100', port=11434): Max retries exceeded with url: /api/tags (Caused by ConnectTimeoutError(<urllib3.connection.HTTPConnection object at 0x000002114DB53C80>, 'Connection to 16.28.17.100 timed out. (connect timeout=1.5)'))",2026-02-01 11:14:20
65.108.236.217,False,,,"HTTPConnectionPool(host='65.108.236.217', port=11434): Max retries exceeded with url: /api/tags (Caused by ConnectTimeoutError(<urllib3.connection.HTTPConnection object at 0x000002114DACC440>, 'Connection to 65.108.236.217 timed out. (connect timeout=1.5)'))",2026-02-01 11:14:20
3.27.233.106,False,,,"HTTPConnectionPool(host='3.27.233.106', port=11434): Max retries exceeded with url: /api/tags (Caused by ConnectTimeoutError(<urllib3.connection.HTTPConnection object at 0x000002114DA3EDE0>, 'Connection to 3.27.233.106 timed out. (connect timeout=1.5)'))",2026-02-01 11:14:20
43.201.48.61,False,,,"HTTPConnectionPool(host='43.201.48.61', port=11434): Max retries exceeded with url: /api/tags (Caused by ConnectTimeoutError(<urllib3.connection.HTTPConnection object at 0x000002114DB048F0>, 'Connection to 43.201.48.61 timed out. (connect timeout=1.5)'))",2026-02-01 11:14:20
56.124.105.0,False,,,"HTTPConnectionPool(host='56.124.105.0', port=11434): Max retries exceeded with url: /api/tags (Caused by ConnectTimeoutError(<urllib3.connection.HTTPConnection object at 0x000002114D7BA6C0>, 'Connection to 56.124.105.0 timed out. (connect timeout=1.5)'))",2026-02-01 11:14:20
103.192.40.160,False,"gpt-oss:latest,phi3:mini-128k",415,inference_gibberish,2026-02-01 11:14:20
18.170.228.67,False,,,"HTTPConnectionPool(host='18.170.228.67', port=11434): Max retries exceeded with url: /api/tags (Caused by ConnectTimeoutError(<urllib3.connection.HTTPConnection object at 0x000002114DC972F0>, 'Connection to 18.170.228.67 timed out. (connect timeout=1.5)'))",2026-02-01 11:14:20
3.252.36.175,False,,,"HTTPConnectionPool(host='3.252.36.175', port=11434): Max retries exceeded with url: /api/tags (Caused by ConnectTimeoutError(<urllib3.connection.HTTPConnection object at 0x000002114DCCBC50>, 'Connection to 3.252.36.175 timed out. (connect timeout=1.5)'))",2026-02-01 11:14:20
56.124.91.109,False,,,"HTTPConnectionPool(host='56.124.91.109', port=11434): Max retries exceeded with url: /api/tags (Caused by ConnectTimeoutError(<urllib3.connection.HTTPConnection object at 0x000002114DC631A0>, 'Connection to 56.124.91.109 timed out. (connect timeout=1.5)'))",2026-02-01 11:14:20
47.129.182.164,False,,,"HTTPConnectionPool(host='47.129.182.164', port=11434): Max retries exceeded with url: /api/tags (Caused by ConnectTimeoutError(<urllib3.connection.HTTPConnection object at 0x000002114DBE7EF0>, 'Connection to 47.129.182.164 timed out. (connect timeout=1.5)'))",2026-02-01 11:14:20
3.29.27.62,False,,,"HTTPConnectionPool(host='3.29.27.62', port=11434): Max retries exceeded with url: /api/tags (Caused by ConnectTimeoutError(<urllib3.connection.HTTPConnection object at 0x000002114DA3D7C0>, 'Connection to 3.29.27.62 timed out. (connect timeout=1.5)'))",2026-02-01 11:14:20
103.192.42.97,False,"gpt-oss:latest,phi3:mini-128k",422,inference_gibberish,2026-02-01 11:14:20
103.192.42.76,False,"gpt-oss:latest,phi3:mini-128k",447,inference_gibberish,2026-02-01 11:14:20
16.26.210.19,False,,,"HTTPConnectionPool(host='16.26.210.19', port=11434): Max retries exceeded with url: /api/tags (Caused by ConnectTimeoutError(<urllib3.connection.HTTPConnection object at 0x000002114DA5CA70>, 'Connection to 16.26.210.19 timed out. (connect timeout=1.5)'))",2026-02-01 11:14:20
44.255.29.28,False,,,"HTTPConnectionPool(host='44.255.29.28', port=11434): Max retries exceeded with url: /api/tags (Caused by ConnectTimeoutError(<urllib3.connection.HTTPConnection object at 0x000002114DA5E3C0>, 'Connection to 44.255.29.28 timed out. (connect timeout=1.5)'))",2026-02-01 11:14:20
103.192.41.53,False,"gpt-oss:latest,phi3:mini-128k",409,inference_gibberish,2026-02-01 11:14:20
103.192.42.67,False,"gpt-oss:latest,phi3:mini-128k",407,inference_gibberish,2026-02-01 11:14:20
15.168.175.36,False,,,"HTTPConnectionPool(host='15.168.175.36', port=11434): Max retries exceeded with url: /api/tags (Caused by ConnectTimeoutError(<urllib3.connection.HTTPConnection object at 0x000002114DC61BB0>, 'Connection to 15.168.175.36 timed out. (connect timeout=1.5)'))",2026-02-01 11:14:20
16.162.253.11,False,,,"HTTPConnectionPool(host='16.162.253.11', port=11434): Max retries exceeded with url: /api/tags (Caused by ConnectTimeoutError(<urllib3.connection.HTTPConnection object at 0x000002114DC09D60>, 'Connection to 16.162.253.11 timed out. (connect timeout=1.5)'))",2026-02-01 11:14:20
108.136.118.55,False,,,"HTTPConnectionPool(host='108.136.118.55', port=11434): Max retries exceeded with url: /api/tags (Caused by ConnectTimeoutError(<urllib3.connection.HTTPConnection object at 0x000002114DCC9E20>, 'Connection to 108.136.118.55 timed out. (connect timeout=1.5)'))",2026-02-01 11:14:20
16.112.59.10,False,,,"HTTPConnectionPool(host='16.112.59.10', port=11434): Max retries exceeded with url: /api/tags (Caused by ConnectTimeoutError(<urllib3.connection.HTTPConnection object at 0x000002114DC839E0>, 'Connection to 16.112.59.10 timed out. (connect timeout=1.5)'))",2026-02-01 11:14:20
83.238.165.79,False,,,"HTTPConnectionPool(host='83.238.165.79', port=11434): Max retries exceeded with url: /api/tags (Caused by ConnectTimeoutError(<urllib3.connection.HTTPConnection object at 0x000002114DC08E30>, 'Connection to 83.238.165.79 timed out. (connect timeout=1.5)'))",2026-02-01 11:14:20
103.192.40.168,False,"gpt-oss:latest,phi3:mini-128k",416,inference_gibberish,2026-02-01 11:14:20
103.192.41.6,False,"gpt-oss:latest,phi3:mini-128k",431,inference_gibberish,2026-02-01 11:14:20
15.161.131.161,False,,,"HTTPConnectionPool(host='15.161.131.161', port=11434): Max retries exceeded with url: /api/tags (Caused by ConnectTimeoutError(<urllib3.connection.HTTPConnection object at 0x000002114DBE65A0>, 'Connection to 15.161.131.161 timed out. (connect timeout=1.5)'))",2026-02-01 11:14:20
18.61.227.61,False,,,"HTTPConnectionPool(host='18.61.227.61', port=11434): Max retries exceeded with url: /api/tags (Caused by ConnectTimeoutError(<urllib3.connection.HTTPConnection object at 0x000002114DB06210>, 'Connection to 18.61.227.61 timed out. (connect timeout=1.5)'))",2026-02-01 11:14:20
103.192.41.36,False,"gpt-oss:latest,phi3:mini-128k",436,inference_gibberish,2026-02-01 11:14:20
15.185.99.208,False,,,"HTTPConnectionPool(host='15.185.99.208', port=11434): Max retries exceeded with url: /api/tags (Caused by ConnectTimeoutError(<urllib3.connection.HTTPConnection object at 0x000002114DB505F0>, 'Connection to 15.185.99.208 timed out. (connect timeout=1.5)'))",2026-02-01 11:14:20
3.28.45.200,False,,,"HTTPConnectionPool(host='3.28.45.200', port=11434): Max retries exceeded with url: /api/tags (Caused by ConnectTimeoutError(<urllib3.connection.HTTPConnection object at 0x000002114DB53290>, 'Connection to 3.28.45.200 timed out. (connect timeout=1.5)'))",2026-02-01 11:14:20
112.95.208.194,False,,,"HTTPConnectionPool(host='112.95.208.194', port=11434): Max retries exceeded with url: /api/tags (Caused by ConnectTimeoutError(<urllib3.connection.HTTPConnection object at 0x000002114DA5C5C0>, 'Connection to 112.95.208.194 timed out. (connect timeout=1.5)'))",2026-02-01 11:14:20
56.124.95.103,False,,,"HTTPConnectionPool(host='56.124.95.103', port=11434): Max retries exceeded with url: /api/tags (Caused by ConnectTimeoutError(<urllib3.connection.HTTPConnection object at 0x000002114DB2ECF0>, 'Connection to 56.124.95.103 timed out. (connect timeout=1.5)'))",2026-02-01 11:14:20
15.161.89.156,False,,,"HTTPConnectionPool(host='15.161.89.156', port=11434): Max retries exceeded with url: /api/tags (Caused by ConnectTimeoutError(<urllib3.connection.HTTPConnection object at 0x000002114DB06360>, 'Connection to 15.161.89.156 timed out. (connect timeout=1.5)'))",2026-02-01 11:14:20
13.212.87.43,False,,,"HTTPConnectionPool(host='13.212.87.43', port=11434): Max retries exceeded with url: /api/tags (Caused by ConnectTimeoutError(<urllib3.connection.HTTPConnection object at 0x000002114DB07EC0>, 'Connection to 13.212.87.43 timed out. (connect timeout=1.5)'))",2026-02-01 11:14:20
16.163.101.28,False,,,"HTTPConnectionPool(host='16.163.101.28', port=11434): Max retries exceeded with url: /api/tags (Caused by ConnectTimeoutError(<urllib3.connection.HTTPConnection object at 0x000002114DB2EFC0>, 'Connection to 16.163.101.28 timed out. (connect timeout=1.5)'))",2026-02-01 11:14:20
43.201.100.61,False,,,"HTTPConnectionPool(host='43.201.100.61', port=11434): Max retries exceeded with url: /api/tags (Caused by ConnectTimeoutError(<urllib3.connection.HTTPConnection object at 0x000002114DCC9C40>, 'Connection to 43.201.100.61 timed out. (connect timeout=1.5)'))",2026-02-01 11:14:20
16.26.208.240,False,,,"HTTPConnectionPool(host='16.26.208.240', port=11434): Max retries exceeded with url: /api/tags (Caused by ConnectTimeoutError(<urllib3.connection.HTTPConnection object at 0x000002114DB059A0>, 'Connection to 16.26.208.240 timed out. (connect timeout=1.5)'))",2026-02-01 11:14:20
109.199.113.35,False,,,"HTTPConnectionPool(host='109.199.113.35', port=11434): Max retries exceeded with url: /api/tags (Caused by ConnectTimeoutError(<urllib3.connection.HTTPConnection object at 0x000002114DB047A0>, 'Connection to 109.199.113.35 timed out. (connect timeout=1.5)'))",2026-02-01 11:14:20
16.63.159.213,False,,,"HTTPConnectionPool(host='16.63.159.213', port=11434): Max retries exceeded with url: /api/tags (Caused by ConnectTimeoutError(<urllib3.connection.HTTPConnection object at 0x000002114DB060C0>, 'Connection to 16.63.159.213 timed out. (connect timeout=1.5)'))",2026-02-01 11:14:20
103.192.43.176,False,"gpt-oss:latest,phi3:mini-128k",430,inference_gibberish,2026-02-01 11:14:20
103.192.41.52,False,"gpt-oss:latest,phi3:mini-128k",405,inference_gibberish,2026-02-01 11:14:20
103.192.42.80,True,"gpt-oss:latest,phi3:mini-128k",415,,2026-02-01 11:14:20
103.192.42.103,True,"gpt-oss:latest,phi3:mini-128k",410,,2026-02-01 11:14:20
103.192.41.57,True,"gpt-oss:latest,phi3:mini-128k",419,,2026-02-01 11:14:20
103.192.41.25,True,"gpt-oss:latest,phi3:mini-128k",414,,2026-02-01 11:14:20
103.192.42.71,True,"gpt-oss:latest,phi3:mini-128k",392,,2026-02-01 11:14:20
103.192.40.183,True,"gpt-oss:latest,phi3:mini-128k",879,,2026-02-01 11:14:20
103.192.41.17,True,"gpt-oss:latest,phi3:mini-128k",424,,2026-02-01 11:14:20
103.192.43.147,True,"gpt-oss:latest,phi3:mini-128k",442,,2026-02-01 11:14:20
103.192.42.79,True,"gpt-oss:latest,phi3:mini-128k",420,,2026-02-01 11:14:20
103.192.42.102,False,"gpt-oss:latest,phi3:mini-128k",420,inference_gibberish,2026-02-01 11:14:20
103.192.42.113,True,"gpt-oss:latest,phi3:mini-128k",414,,2026-02-01 11:14:20
103.192.40.130,True,"gpt-oss:latest,phi3:mini-128k",423,,2026-02-01 11:14:20
103.192.40.181,True,"gpt-oss:latest,phi3:mini-128k",407,,2026-02-01 11:14:20
103.192.40.178,True,"gpt-oss:latest,phi3:mini-128k",423,,2026-02-01 11:14:20
103.192.42.70,False,"gpt-oss:latest,phi3:mini-128k",416,inference_gibberish,2026-02-01 11:14:20
103.192.40.132,True,"gpt-oss:latest,phi3:mini-128k",548,,2026-02-01 11:14:20
103.192.41.37,True,"gpt-oss:latest,phi3:mini-128k",437,,2026-02-01 11:14:20
103.192.43.168,True,"gpt-oss:latest,phi3:mini-128k",419,,2026-02-01 11:14:20
103.192.41.24,True,"gpt-oss:latest,phi3:mini-128k",430,,2026-02-01 11:14:20
103.192.43.180,True,"gpt-oss:latest,phi3:mini-128k",415,,2026-02-01 11:14:20
103.192.42.112,True,"gpt-oss:latest,phi3:mini-128k",414,,2026-02-01 11:14:20
